2026-04-13 13:37:52 [restartedMain] INFO  c.example.spring1.Spring1Application.logStarting:55 - Starting Spring1Application using Java 1.8.0_202 on arkts开发 with PID 24044 (D:\Project\java-project\blog-demo\target\classes started by USER in D:\Project\java-project\blog-demo)
2026-04-13 13:37:52 [restartedMain] DEBUG c.example.spring1.Spring1Application.logStarting:56 - Running with Spring Boot v2.7.6, Spring v5.3.24
2026-04-13 13:37:52 [restartedMain] INFO  c.example.spring1.Spring1Application.logStartupProfileInfo:637 - The following 1 profile is active: "dev"
2026-04-13 13:37:52 [restartedMain] INFO  o.s.b.d.e.DevToolsPropertyDefaultsPostProcessor.logTo:255 - Devtools property defaults active! Set 'spring.devtools.add-properties' to 'false' to disable
2026-04-13 13:37:52 [restartedMain] INFO  o.s.b.d.e.DevToolsPropertyDefaultsPostProcessor.logTo:255 - For additional web related logging consider setting the 'logging.level.web' property to 'DEBUG'
2026-04-13 13:37:53 [restartedMain] INFO  o.s.d.r.c.RepositoryConfigurationDelegate.registerRepositoriesIn:132 - Bootstrapping Spring Data JPA repositories in DEFAULT mode.
2026-04-13 13:37:53 [restartedMain] INFO  o.s.d.r.c.RepositoryConfigurationDelegate.registerRepositoriesIn:201 - Finished Spring Data repository scanning in 41 ms. Found 1 JPA repository interfaces.
2026-04-13 13:37:53 [restartedMain] INFO  o.s.b.w.e.tomcat.TomcatWebServer.initialize:108 - Tomcat initialized with port(s): 8080 (http)
2026-04-13 13:37:53 [restartedMain] INFO  o.a.coyote.http11.Http11NioProtocol.log:173 - Initializing ProtocolHandler ["http-nio-8080"]
2026-04-13 13:37:53 [restartedMain] INFO  o.a.catalina.core.StandardService.log:173 - Starting service [Tomcat]
2026-04-13 13:37:53 [restartedMain] INFO  o.a.catalina.core.StandardEngine.log:173 - Starting Servlet engine: [Apache Tomcat/9.0.69]
2026-04-13 13:37:53 [restartedMain] INFO  o.a.c.c.C.[Tomcat].[localhost].[/].log:173 - Initializing Spring embedded WebApplicationContext
2026-04-13 13:37:53 [restartedMain] INFO  o.s.b.w.s.c.ServletWebServerApplicationContext.prepareWebApplicationContext:292 - Root WebApplicationContext: initialization completed in 1298 ms
2026-04-13 13:37:53 [restartedMain] DEBUG c.e.s.s.JwtAuthenticationFilter.init:242 - Filter 'jwtAuthenticationFilter' configured for use
2026-04-13 13:37:54 [restartedMain] INFO  com.zaxxer.hikari.HikariDataSource.getConnection:110 - HikariPool-1 - Starting...
2026-04-13 13:37:54 [restartedMain] INFO  com.zaxxer.hikari.HikariDataSource.getConnection:123 - HikariPool-1 - Start completed.
2026-04-13 13:37:54 [restartedMain] INFO  o.s.o.j.LocalContainerEntityManagerFactoryBean.buildNativeEntityManagerFactory:437 - Initialized JPA EntityManagerFactory for persistence unit 'default'
2026-04-13 13:37:55 [restartedMain] INFO  o.s.s.web.DefaultSecurityFilterChain.<init>:55 - Will secure any request with [org.springframework.security.web.session.DisableEncodeUrlFilter@3d543a32, org.springframework.security.web.context.request.async.WebAsyncManagerIntegrationFilter@64c865c2, org.springframework.security.web.context.SecurityContextPersistenceFilter@7457a58e, org.springframework.security.web.header.HeaderWriterFilter@7e4b31c0, com.example.spring1.security.JwtAuthenticationFilter@4f87165d, org.springframework.security.web.savedrequest.RequestCacheAwareFilter@50f88d93, org.springframework.security.web.servletapi.SecurityContextHolderAwareRequestFilter@638e44f2, org.springframework.security.web.authentication.AnonymousAuthenticationFilter@dd2ba6d, org.springframework.security.web.session.SessionManagementFilter@6698288, org.springframework.security.web.access.ExceptionTranslationFilter@6ca02ce6, org.springframework.security.web.access.intercept.FilterSecurityInterceptor@35f60868]
2026-04-13 13:37:55 [restartedMain] WARN  o.s.b.a.o.j.JpaBaseConfiguration$JpaWebConfiguration.openEntityManagerInViewInterceptor:219 - spring.jpa.open-in-view is enabled by default. Therefore, database queries may be performed during view rendering. Explicitly configure spring.jpa.open-in-view to disable this warning
2026-04-13 13:37:55 [restartedMain] INFO  o.s.b.a.w.s.WelcomePageHandlerMapping.<init>:53 - Adding welcome page: class path resource [static/index.html]
2026-04-13 13:37:55 [restartedMain] INFO  o.s.b.d.a.OptionalLiveReloadServer.startServer:59 - LiveReload server is running on port 35729
2026-04-13 13:37:55 [restartedMain] INFO  o.a.coyote.http11.Http11NioProtocol.log:173 - Starting ProtocolHandler ["http-nio-8080"]
2026-04-13 13:37:55 [restartedMain] INFO  o.s.b.w.e.tomcat.TomcatWebServer.start:220 - Tomcat started on port(s): 8080 (http) with context path ''
2026-04-13 13:37:55 [restartedMain] INFO  c.example.spring1.Spring1Application.logStarted:61 - Started Spring1Application in 3.685 seconds (JVM running for 5.487)
2026-04-13 13:42:11 [File Watcher] INFO  o.s.b.d.a.LocalDevToolsAutoConfiguration$RestartingClassPathChangeChangedEventListener.onApplicationEvent:213 - Restarting due to 1 class path change (0 additions, 0 deletions, 1 modification)
2026-04-13 13:42:11 [Thread-13] INFO  o.a.coyote.http11.Http11NioProtocol.log:173 - Pausing ProtocolHandler ["http-nio-8080"]
2026-04-13 13:42:11 [Thread-13] INFO  o.a.catalina.core.StandardService.log:173 - Stopping service [Tomcat]
2026-04-13 13:42:11 [Thread-13] INFO  o.a.coyote.http11.Http11NioProtocol.log:173 - Stopping ProtocolHandler ["http-nio-8080"]
2026-04-13 13:42:11 [Thread-13] INFO  o.a.coyote.http11.Http11NioProtocol.log:173 - Destroying ProtocolHandler ["http-nio-8080"]
2026-04-13 13:42:11 [Thread-13] INFO  o.s.o.j.LocalContainerEntityManagerFactoryBean.destroy:651 - Closing JPA EntityManagerFactory for persistence unit 'default'
2026-04-13 13:42:11 [Thread-13] INFO  com.zaxxer.hikari.HikariDataSource.close:350 - HikariPool-1 - Shutdown initiated...
2026-04-13 13:42:11 [Thread-13] INFO  com.zaxxer.hikari.HikariDataSource.close:352 - HikariPool-1 - Shutdown completed.
2026-04-13 13:42:11 [restartedMain] INFO  c.example.spring1.Spring1Application.logStarting:55 - Starting Spring1Application using Java 1.8.0_202 on arkts开发 with PID 24044 (D:\Project\java-project\blog-demo\target\classes started by USER in D:\Project\java-project\blog-demo)
2026-04-13 13:42:11 [restartedMain] DEBUG c.example.spring1.Spring1Application.logStarting:56 - Running with Spring Boot v2.7.6, Spring v5.3.24
2026-04-13 13:42:11 [restartedMain] INFO  c.example.spring1.Spring1Application.logStartupProfileInfo:637 - The following 1 profile is active: "dev"
2026-04-13 13:42:11 [restartedMain] INFO  o.s.d.r.c.RepositoryConfigurationDelegate.registerRepositoriesIn:132 - Bootstrapping Spring Data JPA repositories in DEFAULT mode.
2026-04-13 13:42:11 [restartedMain] INFO  o.s.d.r.c.RepositoryConfigurationDelegate.registerRepositoriesIn:201 - Finished Spring Data repository scanning in 3 ms. Found 0 JPA repository interfaces.
2026-04-13 13:42:12 [restartedMain] INFO  o.s.b.w.e.tomcat.TomcatWebServer.initialize:108 - Tomcat initialized with port(s): 8080 (http)
2026-04-13 13:42:12 [restartedMain] INFO  o.a.coyote.http11.Http11NioProtocol.log:173 - Initializing ProtocolHandler ["http-nio-8080"]
2026-04-13 13:42:12 [restartedMain] INFO  o.a.catalina.core.StandardService.log:173 - Starting service [Tomcat]
2026-04-13 13:42:12 [restartedMain] INFO  o.a.catalina.core.StandardEngine.log:173 - Starting Servlet engine: [Apache Tomcat/9.0.69]
2026-04-13 13:42:12 [restartedMain] INFO  o.a.c.c.C.[.[localhost].[/api].log:173 - Initializing Spring embedded WebApplicationContext
2026-04-13 13:42:12 [restartedMain] INFO  o.s.b.w.s.c.ServletWebServerApplicationContext.prepareWebApplicationContext:292 - Root WebApplicationContext: initialization completed in 270 ms
2026-04-13 13:42:12 [restartedMain] DEBUG c.e.s.s.JwtAuthenticationFilter.init:242 - Filter 'jwtAuthenticationFilter' configured for use
2026-04-13 13:42:12 [restartedMain] INFO  com.zaxxer.hikari.HikariDataSource.getConnection:110 - HikariPool-2 - Starting...
2026-04-13 13:42:12 [restartedMain] INFO  com.zaxxer.hikari.HikariDataSource.getConnection:123 - HikariPool-2 - Start completed.
2026-04-13 13:42:12 [restartedMain] INFO  o.s.o.j.LocalContainerEntityManagerFactoryBean.buildNativeEntityManagerFactory:437 - Initialized JPA EntityManagerFactory for persistence unit 'default'
2026-04-13 13:42:12 [restartedMain] WARN  o.s.b.w.s.c.AnnotationConfigServletWebServerApplicationContext.refresh:591 - Exception encountered during context initialization - cancelling refresh attempt: org.springframework.beans.factory.UnsatisfiedDependencyException: Error creating bean with name 'authController': Unsatisfied dependency expressed through field 'authService'; nested exception is org.springframework.beans.factory.BeanCreationException: Error creating bean with name 'authService': Lookup method resolution failed; nested exception is java.lang.IllegalStateException: Failed to introspect Class [com.example.spring1.service.AuthService] from ClassLoader [org.springframework.boot.devtools.restart.classloader.RestartClassLoader@312820]
2026-04-13 13:42:12 [restartedMain] INFO  o.s.o.j.LocalContainerEntityManagerFactoryBean.destroy:651 - Closing JPA EntityManagerFactory for persistence unit 'default'
2026-04-13 13:42:12 [restartedMain] INFO  com.zaxxer.hikari.HikariDataSource.close:350 - HikariPool-2 - Shutdown initiated...
2026-04-13 13:42:12 [restartedMain] INFO  com.zaxxer.hikari.HikariDataSource.close:352 - HikariPool-2 - Shutdown completed.
2026-04-13 13:42:12 [restartedMain] INFO  o.a.catalina.core.StandardService.log:173 - Stopping service [Tomcat]
2026-04-13 13:42:12 [restartedMain] INFO  o.s.b.a.l.ConditionEvaluationReportLoggingListener.logMessage:136 - 

Error starting ApplicationContext. To display the conditions report re-run your application with 'debug' enabled.
2026-04-13 13:42:12 [restartedMain] ERROR o.s.boot.SpringApplication.reportFailure:821 - Application run failed
org.springframework.beans.factory.UnsatisfiedDependencyException: Error creating bean with name 'authController': Unsatisfied dependency expressed through field 'authService'; nested exception is org.springframework.beans.factory.BeanCreationException: Error creating bean with name 'authService': Lookup method resolution failed; nested exception is java.lang.IllegalStateException: Failed to introspect Class [com.example.spring1.service.AuthService] from ClassLoader [org.springframework.boot.devtools.restart.classloader.RestartClassLoader@312820]
	at org.springframework.beans.factory.annotation.AutowiredAnnotationBeanPostProcessor$AutowiredFieldElement.resolveFieldValue(AutowiredAnnotationBeanPostProcessor.java:660)
	at org.springframework.beans.factory.annotation.AutowiredAnnotationBeanPostProcessor$AutowiredFieldElement.inject(AutowiredAnnotationBeanPostProcessor.java:640)
	at org.springframework.beans.factory.annotation.InjectionMetadata.inject(InjectionMetadata.java:119)
	at org.springframework.beans.factory.annotation.AutowiredAnnotationBeanPostProcessor.postProcessProperties(AutowiredAnnotationBeanPostProcessor.java:399)
	at org.springframework.beans.factory.support.AbstractAutowireCapableBeanFactory.populateBean(AbstractAutowireCapableBeanFactory.java:1431)
	at org.springframework.beans.factory.support.AbstractAutowireCapableBeanFactory.doCreateBean(AbstractAutowireCapableBeanFactory.java:619)
	at org.springframework.beans.factory.support.AbstractAutowireCapableBeanFactory.createBean(AbstractAutowireCapableBeanFactory.java:542)
	at org.springframework.beans.factory.support.AbstractBeanFactory.lambda$doGetBean$0(AbstractBeanFactory.java:335)
	at org.springframework.beans.factory.support.DefaultSingletonBeanRegistry.getSingleton(DefaultSingletonBeanRegistry.java:234)
	at org.springframework.beans.factory.support.AbstractBeanFactory.doGetBean(AbstractBeanFactory.java:333)
	at org.springframework.beans.factory.support.AbstractBeanFactory.getBean(AbstractBeanFactory.java:208)
	at org.springframework.beans.factory.support.DefaultListableBeanFactory.preInstantiateSingletons(DefaultListableBeanFactory.java:955)
	at org.springframework.context.support.AbstractApplicationContext.finishBeanFactoryInitialization(AbstractApplicationContext.java:918)
	at org.springframework.context.support.AbstractApplicationContext.refresh(AbstractApplicationContext.java:583)
	at org.springframework.boot.web.servlet.context.ServletWebServerApplicationContext.refresh(ServletWebServerApplicationContext.java:147)
	at org.springframework.boot.SpringApplication.refresh(SpringApplication.java:731)
	at org.springframework.boot.SpringApplication.refreshContext(SpringApplication.java:408)
	at org.springframework.boot.SpringApplication.run(SpringApplication.java:307)
	at org.springframework.boot.SpringApplication.run(SpringApplication.java:1303)
	at org.springframework.boot.SpringApplication.run(SpringApplication.java:1292)
	at com.example.spring1.Spring1Application.main(Spring1Application.java:10)
	at sun.reflect.NativeMethodAccessorImpl.invoke0(Native Method)
	at sun.reflect.NativeMethodAccessorImpl.invoke(NativeMethodAccessorImpl.java:62)
	at sun.reflect.DelegatingMethodAccessorImpl.invoke(DelegatingMethodAccessorImpl.java:43)
	at java.lang.reflect.Method.invoke(Method.java:498)
	at org.springframework.boot.devtools.restart.RestartLauncher.run(RestartLauncher.java:49)
Caused by: org.springframework.beans.factory.BeanCreationException: Error creating bean with name 'authService': Lookup method resolution failed; nested exception is java.lang.IllegalStateException: Failed to introspect Class [com.example.spring1.service.AuthService] from ClassLoader [org.springframework.boot.devtools.restart.classloader.RestartClassLoader@312820]
	at org.springframework.beans.factory.annotation.AutowiredAnnotationBeanPostProcessor.determineCandidateConstructors(AutowiredAnnotationBeanPostProcessor.java:289)
	at org.springframework.beans.factory.support.AbstractAutowireCapableBeanFactory.determineConstructorsFromBeanPostProcessors(AbstractAutowireCapableBeanFactory.java:1302)
	at org.springframework.beans.factory.support.AbstractAutowireCapableBeanFactory.createBeanInstance(AbstractAutowireCapableBeanFactory.java:1219)
	at org.springframework.beans.factory.support.AbstractAutowireCapableBeanFactory.doCreateBean(AbstractAutowireCapableBeanFactory.java:582)
	at org.springframework.beans.factory.support.AbstractAutowireCapableBeanFactory.createBean(AbstractAutowireCapableBeanFactory.java:542)
	at org.springframework.beans.factory.support.AbstractBeanFactory.lambda$doGetBean$0(AbstractBeanFactory.java:335)
	at org.springframework.beans.factory.support.DefaultSingletonBeanRegistry.getSingleton(DefaultSingletonBeanRegistry.java:234)
	at org.springframework.beans.factory.support.AbstractBeanFactory.doGetBean(AbstractBeanFactory.java:333)
	at org.springframework.beans.factory.support.AbstractBeanFactory.getBean(AbstractBeanFactory.java:208)
	at org.springframework.beans.factory.config.DependencyDescriptor.resolveCandidate(DependencyDescriptor.java:276)
	at org.springframework.beans.factory.support.DefaultListableBeanFactory.doResolveDependency(DefaultListableBeanFactory.java:1391)
	at org.springframework.beans.factory.support.DefaultListableBeanFactory.resolveDependency(DefaultListableBeanFactory.java:1311)
	at org.springframework.beans.factory.annotation.AutowiredAnnotationBeanPostProcessor$AutowiredFieldElement.resolveFieldValue(AutowiredAnnotationBeanPostProcessor.java:657)
	... 25 common frames omitted
Caused by: java.lang.IllegalStateException: Failed to introspect Class [com.example.spring1.service.AuthService] from ClassLoader [org.springframework.boot.devtools.restart.classloader.RestartClassLoader@312820]
	at org.springframework.util.ReflectionUtils.getDeclaredMethods(ReflectionUtils.java:485)
	at org.springframework.util.ReflectionUtils.doWithLocalMethods(ReflectionUtils.java:321)
	at org.springframework.beans.factory.annotation.AutowiredAnnotationBeanPostProcessor.determineCandidateConstructors(AutowiredAnnotationBeanPostProcessor.java:267)
	... 37 common frames omitted
Caused by: java.lang.NoClassDefFoundError: com/example/spring1/entity/User
	at java.lang.Class.getDeclaredMethods0(Native Method)
	at java.lang.Class.privateGetDeclaredMethods(Class.java:2701)
	at java.lang.Class.getDeclaredMethods(Class.java:1975)
	at org.springframework.util.ReflectionUtils.getDeclaredMethods(ReflectionUtils.java:467)
	... 39 common frames omitted
Caused by: java.lang.ClassNotFoundException: com.example.spring1.entity.User
	at java.net.URLClassLoader.findClass(URLClassLoader.java:382)
	at java.lang.ClassLoader.loadClass(ClassLoader.java:424)
	at sun.misc.Launcher$AppClassLoader.loadClass(Launcher.java:349)
	at java.lang.ClassLoader.loadClass(ClassLoader.java:357)
	at java.lang.Class.forName0(Native Method)
	at java.lang.Class.forName(Class.java:348)
	at org.springframework.boot.devtools.restart.classloader.RestartClassLoader.loadClass(RestartClassLoader.java:145)
	at java.lang.ClassLoader.loadClass(ClassLoader.java:357)
	... 43 common frames omitted
2026-04-13 13:42:13 [restartedMain] INFO  c.example.spring1.Spring1Application.logStarting:55 - Starting Spring1Application using Java 1.8.0_202 on arkts开发 with PID 24044 (D:\Project\java-project\blog-demo\target\classes started by USER in D:\Project\java-project\blog-demo)
2026-04-13 13:42:13 [restartedMain] DEBUG c.example.spring1.Spring1Application.logStarting:56 - Running with Spring Boot v2.7.6, Spring v5.3.24
2026-04-13 13:42:13 [restartedMain] INFO  c.example.spring1.Spring1Application.logStartupProfileInfo:637 - The following 1 profile is active: "dev"
2026-04-13 13:42:13 [restartedMain] INFO  o.s.d.r.c.RepositoryConfigurationDelegate.registerRepositoriesIn:132 - Bootstrapping Spring Data JPA repositories in DEFAULT mode.
2026-04-13 13:42:13 [restartedMain] INFO  o.s.d.r.c.RepositoryConfigurationDelegate.registerRepositoriesIn:201 - Finished Spring Data repository scanning in 7 ms. Found 2 JPA repository interfaces.
2026-04-13 13:42:13 [restartedMain] INFO  o.s.b.w.e.tomcat.TomcatWebServer.initialize:108 - Tomcat initialized with port(s): 8080 (http)
2026-04-13 13:42:13 [restartedMain] INFO  o.a.coyote.http11.Http11NioProtocol.log:173 - Initializing ProtocolHandler ["http-nio-8080"]
2026-04-13 13:42:13 [restartedMain] INFO  o.a.catalina.core.StandardService.log:173 - Starting service [Tomcat]
2026-04-13 13:42:13 [restartedMain] INFO  o.a.catalina.core.StandardEngine.log:173 - Starting Servlet engine: [Apache Tomcat/9.0.69]
2026-04-13 13:42:13 [restartedMain] INFO  o.a.c.c.C.[.[localhost].[/api].log:173 - Initializing Spring embedded WebApplicationContext
2026-04-13 13:42:13 [restartedMain] INFO  o.s.b.w.s.c.ServletWebServerApplicationContext.prepareWebApplicationContext:292 - Root WebApplicationContext: initialization completed in 232 ms
2026-04-13 13:42:13 [restartedMain] DEBUG c.e.s.s.JwtAuthenticationFilter.init:242 - Filter 'jwtAuthenticationFilter' configured for use
2026-04-13 13:42:13 [restartedMain] INFO  com.zaxxer.hikari.HikariDataSource.getConnection:110 - HikariPool-3 - Starting...
2026-04-13 13:42:13 [restartedMain] INFO  com.zaxxer.hikari.HikariDataSource.getConnection:123 - HikariPool-3 - Start completed.
2026-04-13 13:42:14 [restartedMain] INFO  o.s.o.j.LocalContainerEntityManagerFactoryBean.buildNativeEntityManagerFactory:437 - Initialized JPA EntityManagerFactory for persistence unit 'default'
2026-04-13 13:42:14 [restartedMain] INFO  o.s.s.web.DefaultSecurityFilterChain.<init>:55 - Will secure any request with [org.springframework.security.web.session.DisableEncodeUrlFilter@30dff32a, org.springframework.security.web.context.request.async.WebAsyncManagerIntegrationFilter@424a42d3, org.springframework.security.web.context.SecurityContextPersistenceFilter@3990ebf9, org.springframework.security.web.header.HeaderWriterFilter@121ac117, com.example.spring1.security.JwtAuthenticationFilter@5ee5319c, org.springframework.security.web.savedrequest.RequestCacheAwareFilter@5db4cfa8, org.springframework.security.web.servletapi.SecurityContextHolderAwareRequestFilter@1962af70, org.springframework.security.web.authentication.AnonymousAuthenticationFilter@6612097, org.springframework.security.web.session.SessionManagementFilter@3ef39e6a, org.springframework.security.web.access.ExceptionTranslationFilter@27586300, org.springframework.security.web.access.intercept.FilterSecurityInterceptor@6fe1d5c1]
2026-04-13 13:42:14 [restartedMain] WARN  o.s.b.a.o.j.JpaBaseConfiguration$JpaWebConfiguration.openEntityManagerInViewInterceptor:219 - spring.jpa.open-in-view is enabled by default. Therefore, database queries may be performed during view rendering. Explicitly configure spring.jpa.open-in-view to disable this warning
2026-04-13 13:42:14 [restartedMain] INFO  o.s.b.a.w.s.WelcomePageHandlerMapping.<init>:53 - Adding welcome page: class path resource [static/index.html]
2026-04-13 13:42:14 [restartedMain] INFO  o.s.b.d.a.OptionalLiveReloadServer.startServer:59 - LiveReload server is running on port 35729
2026-04-13 13:42:14 [restartedMain] INFO  o.a.coyote.http11.Http11NioProtocol.log:173 - Starting ProtocolHandler ["http-nio-8080"]
2026-04-13 13:42:14 [restartedMain] INFO  o.s.b.w.e.tomcat.TomcatWebServer.start:220 - Tomcat started on port(s): 8080 (http) with context path '/api'
2026-04-13 13:42:14 [restartedMain] INFO  c.example.spring1.Spring1Application.logStarted:61 - Started Spring1Application in 1.174 seconds (JVM running for 264.51)
2026-04-13 13:42:14 [restartedMain] INFO  o.s.b.d.a.ConditionEvaluationDeltaLoggingListener.onApplicationEvent:63 - Condition evaluation unchanged
2026-04-13 13:42:46 [File Watcher] INFO  o.s.b.d.a.LocalDevToolsAutoConfiguration$RestartingClassPathChangeChangedEventListener.onApplicationEvent:213 - Restarting due to 1 class path change (0 additions, 1 deletion, 0 modifications)
2026-04-13 13:42:47 [Thread-19] INFO  o.a.coyote.http11.Http11NioProtocol.log:173 - Pausing ProtocolHandler ["http-nio-8080"]
2026-04-13 13:42:47 [Thread-19] INFO  o.a.catalina.core.StandardService.log:173 - Stopping service [Tomcat]
2026-04-13 13:42:47 [Thread-19] INFO  o.a.coyote.http11.Http11NioProtocol.log:173 - Stopping ProtocolHandler ["http-nio-8080"]
2026-04-13 13:42:47 [Thread-19] INFO  o.a.coyote.http11.Http11NioProtocol.log:173 - Destroying ProtocolHandler ["http-nio-8080"]
2026-04-13 13:42:47 [Thread-19] INFO  o.s.o.j.LocalContainerEntityManagerFactoryBean.destroy:651 - Closing JPA EntityManagerFactory for persistence unit 'default'
2026-04-13 13:42:47 [Thread-19] INFO  com.zaxxer.hikari.HikariDataSource.close:350 - HikariPool-3 - Shutdown initiated...
2026-04-13 13:42:47 [Thread-19] INFO  com.zaxxer.hikari.HikariDataSource.close:352 - HikariPool-3 - Shutdown completed.
2026-04-13 13:42:47 [restartedMain] INFO  c.example.spring1.Spring1Application.logStarting:55 - Starting Spring1Application using Java 1.8.0_202 on arkts开发 with PID 24044 (D:\Project\java-project\blog-demo\target\classes started by USER in D:\Project\java-project\blog-demo)
2026-04-13 13:42:47 [restartedMain] DEBUG c.example.spring1.Spring1Application.logStarting:56 - Running with Spring Boot v2.7.6, Spring v5.3.24
2026-04-13 13:42:47 [restartedMain] INFO  c.example.spring1.Spring1Application.logStartupProfileInfo:637 - The following 1 profile is active: "dev"
2026-04-13 13:42:47 [restartedMain] INFO  o.s.d.r.c.RepositoryConfigurationDelegate.registerRepositoriesIn:132 - Bootstrapping Spring Data JPA repositories in DEFAULT mode.
2026-04-13 13:42:47 [restartedMain] INFO  o.s.d.r.c.RepositoryConfigurationDelegate.registerRepositoriesIn:201 - Finished Spring Data repository scanning in 70 ms. Found 2 JPA repository interfaces.
2026-04-13 13:42:47 [restartedMain] INFO  o.s.b.w.e.tomcat.TomcatWebServer.initialize:108 - Tomcat initialized with port(s): 8080 (http)
2026-04-13 13:42:47 [restartedMain] INFO  o.a.coyote.http11.Http11NioProtocol.log:173 - Initializing ProtocolHandler ["http-nio-8080"]
2026-04-13 13:42:47 [restartedMain] INFO  o.a.catalina.core.StandardService.log:173 - Starting service [Tomcat]
2026-04-13 13:42:47 [restartedMain] INFO  o.a.catalina.core.StandardEngine.log:173 - Starting Servlet engine: [Apache Tomcat/9.0.69]
2026-04-13 13:42:47 [restartedMain] INFO  o.a.c.c.C.[.[localhost].[/api].log:173 - Initializing Spring embedded WebApplicationContext
2026-04-13 13:42:47 [restartedMain] INFO  o.s.b.w.s.c.ServletWebServerApplicationContext.prepareWebApplicationContext:292 - Root WebApplicationContext: initialization completed in 512 ms
2026-04-13 13:42:47 [restartedMain] DEBUG c.e.s.s.JwtAuthenticationFilter.init:242 - Filter 'jwtAuthenticationFilter' configured for use
2026-04-13 13:42:47 [restartedMain] INFO  com.zaxxer.hikari.HikariDataSource.getConnection:110 - HikariPool-4 - Starting...
2026-04-13 13:42:47 [restartedMain] INFO  com.zaxxer.hikari.HikariDataSource.getConnection:123 - HikariPool-4 - Start completed.
2026-04-13 13:42:47 [restartedMain] INFO  o.s.o.j.LocalContainerEntityManagerFactoryBean.buildNativeEntityManagerFactory:437 - Initialized JPA EntityManagerFactory for persistence unit 'default'
2026-04-13 13:42:47 [restartedMain] INFO  o.s.s.web.DefaultSecurityFilterChain.<init>:55 - Will secure any request with [org.springframework.security.web.session.DisableEncodeUrlFilter@204de669, org.springframework.security.web.context.request.async.WebAsyncManagerIntegrationFilter@559e1b47, org.springframework.security.web.context.SecurityContextPersistenceFilter@7e085e10, org.springframework.security.web.header.HeaderWriterFilter@74189f6d, com.example.spring1.security.JwtAuthenticationFilter@7ee47a56, org.springframework.security.web.savedrequest.RequestCacheAwareFilter@10224aa7, org.springframework.security.web.servletapi.SecurityContextHolderAwareRequestFilter@20715c39, org.springframework.security.web.authentication.AnonymousAuthenticationFilter@71dff0e1, org.springframework.security.web.session.SessionManagementFilter@6d5fa5f7, org.springframework.security.web.access.ExceptionTranslationFilter@26f907b9, org.springframework.security.web.access.intercept.FilterSecurityInterceptor@11b12db0]
2026-04-13 13:42:47 [restartedMain] WARN  o.s.b.a.o.j.JpaBaseConfiguration$JpaWebConfiguration.openEntityManagerInViewInterceptor:219 - spring.jpa.open-in-view is enabled by default. Therefore, database queries may be performed during view rendering. Explicitly configure spring.jpa.open-in-view to disable this warning
2026-04-13 13:42:47 [restartedMain] INFO  o.s.b.a.w.s.WelcomePageHandlerMapping.<init>:53 - Adding welcome page: class path resource [static/index.html]
2026-04-13 13:42:48 [restartedMain] INFO  o.s.b.d.a.OptionalLiveReloadServer.startServer:59 - LiveReload server is running on port 35729
2026-04-13 13:42:48 [restartedMain] INFO  o.a.coyote.http11.Http11NioProtocol.log:173 - Starting ProtocolHandler ["http-nio-8080"]
2026-04-13 13:42:48 [restartedMain] INFO  o.s.b.w.e.tomcat.TomcatWebServer.start:220 - Tomcat started on port(s): 8080 (http) with context path '/api'
2026-04-13 13:42:48 [restartedMain] INFO  c.example.spring1.Spring1Application.logStarted:61 - Started Spring1Application in 1.255 seconds (JVM running for 298.219)
2026-04-13 13:42:48 [restartedMain] INFO  o.s.b.d.a.ConditionEvaluationDeltaLoggingListener.onApplicationEvent:63 - Condition evaluation unchanged
2026-04-13 13:42:49 [File Watcher] INFO  o.s.b.d.a.LocalDevToolsAutoConfiguration$RestartingClassPathChangeChangedEventListener.onApplicationEvent:213 - Restarting due to 8 class path changes (7 additions, 1 deletion, 0 modifications)
2026-04-13 13:42:50 [Thread-26] INFO  o.a.coyote.http11.Http11NioProtocol.log:173 - Pausing ProtocolHandler ["http-nio-8080"]
2026-04-13 13:42:50 [Thread-26] INFO  o.a.catalina.core.StandardService.log:173 - Stopping service [Tomcat]
2026-04-13 13:42:50 [Thread-26] INFO  o.a.coyote.http11.Http11NioProtocol.log:173 - Stopping ProtocolHandler ["http-nio-8080"]
2026-04-13 13:42:50 [Thread-26] INFO  o.a.coyote.http11.Http11NioProtocol.log:173 - Destroying ProtocolHandler ["http-nio-8080"]
2026-04-13 13:42:50 [Thread-26] INFO  o.s.o.j.LocalContainerEntityManagerFactoryBean.destroy:651 - Closing JPA EntityManagerFactory for persistence unit 'default'
2026-04-13 13:42:50 [Thread-26] INFO  com.zaxxer.hikari.HikariDataSource.close:350 - HikariPool-4 - Shutdown initiated...
2026-04-13 13:42:50 [Thread-26] INFO  com.zaxxer.hikari.HikariDataSource.close:352 - HikariPool-4 - Shutdown completed.
2026-04-13 13:42:50 [restartedMain] INFO  c.example.spring1.Spring1Application.logStarting:55 - Starting Spring1Application using Java 1.8.0_202 on arkts开发 with PID 24044 (D:\Project\java-project\blog-demo\target\classes started by USER in D:\Project\java-project\blog-demo)
2026-04-13 13:42:50 [restartedMain] DEBUG c.example.spring1.Spring1Application.logStarting:56 - Running with Spring Boot v2.7.6, Spring v5.3.24
2026-04-13 13:42:50 [restartedMain] INFO  c.example.spring1.Spring1Application.logStartupProfileInfo:637 - The following 1 profile is active: "dev"
2026-04-13 13:42:50 [restartedMain] INFO  o.s.d.r.c.RepositoryConfigurationDelegate.registerRepositoriesIn:132 - Bootstrapping Spring Data JPA repositories in DEFAULT mode.
2026-04-13 13:42:50 [restartedMain] INFO  o.s.d.r.c.RepositoryConfigurationDelegate.registerRepositoriesIn:201 - Finished Spring Data repository scanning in 13 ms. Found 2 JPA repository interfaces.
2026-04-13 13:42:50 [restartedMain] INFO  o.s.b.w.e.tomcat.TomcatWebServer.initialize:108 - Tomcat initialized with port(s): 8080 (http)
2026-04-13 13:42:50 [restartedMain] INFO  o.a.coyote.http11.Http11NioProtocol.log:173 - Initializing ProtocolHandler ["http-nio-8080"]
2026-04-13 13:42:50 [restartedMain] INFO  o.a.catalina.core.StandardService.log:173 - Starting service [Tomcat]
2026-04-13 13:42:50 [restartedMain] INFO  o.a.catalina.core.StandardEngine.log:173 - Starting Servlet engine: [Apache Tomcat/9.0.69]
2026-04-13 13:42:50 [restartedMain] INFO  o.a.c.c.C.[.[localhost].[/api].log:173 - Initializing Spring embedded WebApplicationContext
2026-04-13 13:42:50 [restartedMain] INFO  o.s.b.w.s.c.ServletWebServerApplicationContext.prepareWebApplicationContext:292 - Root WebApplicationContext: initialization completed in 335 ms
2026-04-13 13:42:50 [restartedMain] DEBUG c.e.s.s.JwtAuthenticationFilter.init:242 - Filter 'jwtAuthenticationFilter' configured for use
2026-04-13 13:42:50 [restartedMain] INFO  com.zaxxer.hikari.HikariDataSource.getConnection:110 - HikariPool-5 - Starting...
2026-04-13 13:42:50 [restartedMain] INFO  com.zaxxer.hikari.HikariDataSource.getConnection:123 - HikariPool-5 - Start completed.
2026-04-13 13:42:50 [restartedMain] INFO  o.s.o.j.LocalContainerEntityManagerFactoryBean.buildNativeEntityManagerFactory:437 - Initialized JPA EntityManagerFactory for persistence unit 'default'
2026-04-13 13:42:50 [restartedMain] WARN  o.s.b.w.s.c.AnnotationConfigServletWebServerApplicationContext.refresh:591 - Exception encountered during context initialization - cancelling refresh attempt: org.springframework.beans.factory.BeanCreationException: Error creating bean with name 'authController' defined in file [D:\Project\java-project\blog-demo\target\classes\com\example\spring1\controller\AuthController.class]: Post-processing of merged bean definition failed; nested exception is java.lang.IllegalStateException: Failed to introspect Class [com.example.spring1.controller.AuthController] from ClassLoader [org.springframework.boot.devtools.restart.classloader.RestartClassLoader@3230b76e]
2026-04-13 13:42:50 [restartedMain] INFO  o.s.o.j.LocalContainerEntityManagerFactoryBean.destroy:651 - Closing JPA EntityManagerFactory for persistence unit 'default'
2026-04-13 13:42:50 [restartedMain] INFO  com.zaxxer.hikari.HikariDataSource.close:350 - HikariPool-5 - Shutdown initiated...
2026-04-13 13:42:50 [restartedMain] INFO  com.zaxxer.hikari.HikariDataSource.close:352 - HikariPool-5 - Shutdown completed.
2026-04-13 13:42:50 [restartedMain] INFO  o.a.catalina.core.StandardService.log:173 - Stopping service [Tomcat]
2026-04-13 13:42:50 [restartedMain] INFO  o.s.b.a.l.ConditionEvaluationReportLoggingListener.logMessage:136 - 

Error starting ApplicationContext. To display the conditions report re-run your application with 'debug' enabled.
2026-04-13 13:42:50 [restartedMain] ERROR o.s.boot.SpringApplication.reportFailure:821 - Application run failed
org.springframework.beans.factory.BeanCreationException: Error creating bean with name 'authController' defined in file [D:\Project\java-project\blog-demo\target\classes\com\example\spring1\controller\AuthController.class]: Post-processing of merged bean definition failed; nested exception is java.lang.IllegalStateException: Failed to introspect Class [com.example.spring1.controller.AuthController] from ClassLoader [org.springframework.boot.devtools.restart.classloader.RestartClassLoader@3230b76e]
	at org.springframework.beans.factory.support.AbstractAutowireCapableBeanFactory.doCreateBean(AbstractAutowireCapableBeanFactory.java:597)
	at org.springframework.beans.factory.support.AbstractAutowireCapableBeanFactory.createBean(AbstractAutowireCapableBeanFactory.java:542)
	at org.springframework.beans.factory.support.AbstractBeanFactory.lambda$doGetBean$0(AbstractBeanFactory.java:335)
	at org.springframework.beans.factory.support.DefaultSingletonBeanRegistry.getSingleton(DefaultSingletonBeanRegistry.java:234)
	at org.springframework.beans.factory.support.AbstractBeanFactory.doGetBean(AbstractBeanFactory.java:333)
	at org.springframework.beans.factory.support.AbstractBeanFactory.getBean(AbstractBeanFactory.java:208)
	at org.springframework.beans.factory.support.DefaultListableBeanFactory.preInstantiateSingletons(DefaultListableBeanFactory.java:955)
	at org.springframework.context.support.AbstractApplicationContext.finishBeanFactoryInitialization(AbstractApplicationContext.java:918)
	at org.springframework.context.support.AbstractApplicationContext.refresh(AbstractApplicationContext.java:583)
	at org.springframework.boot.web.servlet.context.ServletWebServerApplicationContext.refresh(ServletWebServerApplicationContext.java:147)
	at org.springframework.boot.SpringApplication.refresh(SpringApplication.java:731)
	at org.springframework.boot.SpringApplication.refreshContext(SpringApplication.java:408)
	at org.springframework.boot.SpringApplication.run(SpringApplication.java:307)
	at org.springframework.boot.SpringApplication.run(SpringApplication.java:1303)
	at org.springframework.boot.SpringApplication.run(SpringApplication.java:1292)
	at com.example.spring1.Spring1Application.main(Spring1Application.java:10)
	at sun.reflect.NativeMethodAccessorImpl.invoke0(Native Method)
	at sun.reflect.NativeMethodAccessorImpl.invoke(NativeMethodAccessorImpl.java:62)
	at sun.reflect.DelegatingMethodAccessorImpl.invoke(DelegatingMethodAccessorImpl.java:43)
	at java.lang.reflect.Method.invoke(Method.java:498)
	at org.springframework.boot.devtools.restart.RestartLauncher.run(RestartLauncher.java:49)
Caused by: java.lang.IllegalStateException: Failed to introspect Class [com.example.spring1.controller.AuthController] from ClassLoader [org.springframework.boot.devtools.restart.classloader.RestartClassLoader@3230b76e]
	at org.springframework.util.ReflectionUtils.getDeclaredFields(ReflectionUtils.java:743)
	at org.springframework.util.ReflectionUtils.doWithLocalFields(ReflectionUtils.java:675)
	at org.springframework.orm.jpa.support.PersistenceAnnotationBeanPostProcessor.buildPersistenceMetadata(PersistenceAnnotationBeanPostProcessor.java:407)
	at org.springframework.orm.jpa.support.PersistenceAnnotationBeanPostProcessor.findPersistenceMetadata(PersistenceAnnotationBeanPostProcessor.java:388)
	at org.springframework.orm.jpa.support.PersistenceAnnotationBeanPostProcessor.postProcessMergedBeanDefinition(PersistenceAnnotationBeanPostProcessor.java:335)
	at org.springframework.beans.factory.support.AbstractAutowireCapableBeanFactory.applyMergedBeanDefinitionPostProcessors(AbstractAutowireCapableBeanFactory.java:1116)
	at org.springframework.beans.factory.support.AbstractAutowireCapableBeanFactory.doCreateBean(AbstractAutowireCapableBeanFactory.java:594)
	... 20 common frames omitted
Caused by: java.lang.NoClassDefFoundError: Lcom/example/spring1/service/AuthService;
	at java.lang.Class.getDeclaredFields0(Native Method)
	at java.lang.Class.privateGetDeclaredFields(Class.java:2583)
	at java.lang.Class.getDeclaredFields(Class.java:1916)
	at org.springframework.util.ReflectionUtils.getDeclaredFields(ReflectionUtils.java:738)
	... 26 common frames omitted
Caused by: java.lang.ClassNotFoundException: com.example.spring1.service.AuthService
	at java.net.URLClassLoader.findClass(URLClassLoader.java:382)
	at java.lang.ClassLoader.loadClass(ClassLoader.java:424)
	at sun.misc.Launcher$AppClassLoader.loadClass(Launcher.java:349)
	at java.lang.ClassLoader.loadClass(ClassLoader.java:357)
	at java.lang.Class.forName0(Native Method)
	at java.lang.Class.forName(Class.java:348)
	at org.springframework.boot.devtools.restart.classloader.RestartClassLoader.loadClass(RestartClassLoader.java:145)
	at java.lang.ClassLoader.loadClass(ClassLoader.java:357)
	... 30 common frames omitted
2026-04-13 13:45:22 [restartedMain] INFO  c.example.spring1.Spring1Application.logStarting:55 - Starting Spring1Application using Java 1.8.0_202 on arkts开发 with PID 24044 (D:\Project\java-project\blog-demo\target\classes started by USER in D:\Project\java-project\blog-demo)
2026-04-13 13:45:22 [restartedMain] DEBUG c.example.spring1.Spring1Application.logStarting:56 - Running with Spring Boot v2.7.6, Spring v5.3.24
2026-04-13 13:45:22 [restartedMain] INFO  c.example.spring1.Spring1Application.logStartupProfileInfo:637 - The following 1 profile is active: "dev"
2026-04-13 13:45:22 [restartedMain] INFO  o.s.d.r.c.RepositoryConfigurationDelegate.registerRepositoriesIn:132 - Bootstrapping Spring Data JPA repositories in DEFAULT mode.
2026-04-13 13:45:22 [restartedMain] INFO  o.s.d.r.c.RepositoryConfigurationDelegate.registerRepositoriesIn:201 - Finished Spring Data repository scanning in 14 ms. Found 2 JPA repository interfaces.
2026-04-13 13:45:22 [restartedMain] INFO  o.s.b.w.e.tomcat.TomcatWebServer.initialize:108 - Tomcat initialized with port(s): 8080 (http)
2026-04-13 13:45:22 [restartedMain] INFO  o.a.coyote.http11.Http11NioProtocol.log:173 - Initializing ProtocolHandler ["http-nio-8080"]
2026-04-13 13:45:22 [restartedMain] INFO  o.a.catalina.core.StandardService.log:173 - Starting service [Tomcat]
2026-04-13 13:45:22 [restartedMain] INFO  o.a.catalina.core.StandardEngine.log:173 - Starting Servlet engine: [Apache Tomcat/9.0.69]
2026-04-13 13:45:22 [restartedMain] INFO  o.a.c.c.C.[.[localhost].[/api].log:173 - Initializing Spring embedded WebApplicationContext
2026-04-13 13:45:22 [restartedMain] INFO  o.s.b.w.s.c.ServletWebServerApplicationContext.prepareWebApplicationContext:292 - Root WebApplicationContext: initialization completed in 418 ms
2026-04-13 13:45:22 [restartedMain] INFO  com.zaxxer.hikari.HikariDataSource.getConnection:110 - HikariPool-6 - Starting...
2026-04-13 13:45:22 [restartedMain] INFO  com.zaxxer.hikari.HikariDataSource.getConnection:123 - HikariPool-6 - Start completed.
2026-04-13 13:45:22 [restartedMain] INFO  o.s.o.j.LocalContainerEntityManagerFactoryBean.buildNativeEntityManagerFactory:437 - Initialized JPA EntityManagerFactory for persistence unit 'default'
2026-04-13 13:45:22 [restartedMain] WARN  o.s.b.w.s.c.AnnotationConfigServletWebServerApplicationContext.refresh:591 - Exception encountered during context initialization - cancelling refresh attempt: org.springframework.beans.factory.BeanCreationException: Error creating bean with name 'authController' defined in file [D:\Project\java-project\blog-demo\target\classes\com\example\spring1\controller\AuthController.class]: Post-processing of merged bean definition failed; nested exception is java.lang.IllegalStateException: Failed to introspect Class [com.example.spring1.controller.AuthController] from ClassLoader [org.springframework.boot.devtools.restart.classloader.RestartClassLoader@5dc26c7]
2026-04-13 13:45:22 [restartedMain] INFO  o.s.o.j.LocalContainerEntityManagerFactoryBean.destroy:651 - Closing JPA EntityManagerFactory for persistence unit 'default'
2026-04-13 13:45:22 [restartedMain] INFO  com.zaxxer.hikari.HikariDataSource.close:350 - HikariPool-6 - Shutdown initiated...
2026-04-13 13:45:22 [restartedMain] INFO  com.zaxxer.hikari.HikariDataSource.close:352 - HikariPool-6 - Shutdown completed.
2026-04-13 13:45:22 [restartedMain] INFO  o.a.catalina.core.StandardService.log:173 - Stopping service [Tomcat]
2026-04-13 13:45:22 [restartedMain] INFO  o.s.b.a.l.ConditionEvaluationReportLoggingListener.logMessage:136 - 

Error starting ApplicationContext. To display the conditions report re-run your application with 'debug' enabled.
2026-04-13 13:45:22 [restartedMain] ERROR o.s.boot.SpringApplication.reportFailure:821 - Application run failed
org.springframework.beans.factory.BeanCreationException: Error creating bean with name 'authController' defined in file [D:\Project\java-project\blog-demo\target\classes\com\example\spring1\controller\AuthController.class]: Post-processing of merged bean definition failed; nested exception is java.lang.IllegalStateException: Failed to introspect Class [com.example.spring1.controller.AuthController] from ClassLoader [org.springframework.boot.devtools.restart.classloader.RestartClassLoader@5dc26c7]
	at org.springframework.beans.factory.support.AbstractAutowireCapableBeanFactory.doCreateBean(AbstractAutowireCapableBeanFactory.java:597)
	at org.springframework.beans.factory.support.AbstractAutowireCapableBeanFactory.createBean(AbstractAutowireCapableBeanFactory.java:542)
	at org.springframework.beans.factory.support.AbstractBeanFactory.lambda$doGetBean$0(AbstractBeanFactory.java:335)
	at org.springframework.beans.factory.support.DefaultSingletonBeanRegistry.getSingleton(DefaultSingletonBeanRegistry.java:234)
	at org.springframework.beans.factory.support.AbstractBeanFactory.doGetBean(AbstractBeanFactory.java:333)
	at org.springframework.beans.factory.support.AbstractBeanFactory.getBean(AbstractBeanFactory.java:208)
	at org.springframework.beans.factory.support.DefaultListableBeanFactory.preInstantiateSingletons(DefaultListableBeanFactory.java:955)
	at org.springframework.context.support.AbstractApplicationContext.finishBeanFactoryInitialization(AbstractApplicationContext.java:918)
	at org.springframework.context.support.AbstractApplicationContext.refresh(AbstractApplicationContext.java:583)
	at org.springframework.boot.web.servlet.context.ServletWebServerApplicationContext.refresh(ServletWebServerApplicationContext.java:147)
	at org.springframework.boot.SpringApplication.refresh(SpringApplication.java:731)
	at org.springframework.boot.SpringApplication.refreshContext(SpringApplication.java:408)
	at org.springframework.boot.SpringApplication.run(SpringApplication.java:307)
	at org.springframework.boot.SpringApplication.run(SpringApplication.java:1303)
	at org.springframework.boot.SpringApplication.run(SpringApplication.java:1292)
	at com.example.spring1.Spring1Application.main(Spring1Application.java:10)
	at sun.reflect.NativeMethodAccessorImpl.invoke0(Native Method)
	at sun.reflect.NativeMethodAccessorImpl.invoke(NativeMethodAccessorImpl.java:62)
	at sun.reflect.DelegatingMethodAccessorImpl.invoke(DelegatingMethodAccessorImpl.java:43)
	at java.lang.reflect.Method.invoke(Method.java:498)
	at org.springframework.boot.devtools.restart.RestartLauncher.run(RestartLauncher.java:49)
Caused by: java.lang.IllegalStateException: Failed to introspect Class [com.example.spring1.controller.AuthController] from ClassLoader [org.springframework.boot.devtools.restart.classloader.RestartClassLoader@5dc26c7]
	at org.springframework.util.ReflectionUtils.getDeclaredFields(ReflectionUtils.java:743)
	at org.springframework.util.ReflectionUtils.doWithLocalFields(ReflectionUtils.java:675)
	at org.springframework.orm.jpa.support.PersistenceAnnotationBeanPostProcessor.buildPersistenceMetadata(PersistenceAnnotationBeanPostProcessor.java:407)
	at org.springframework.orm.jpa.support.PersistenceAnnotationBeanPostProcessor.findPersistenceMetadata(PersistenceAnnotationBeanPostProcessor.java:388)
	at org.springframework.orm.jpa.support.PersistenceAnnotationBeanPostProcessor.postProcessMergedBeanDefinition(PersistenceAnnotationBeanPostProcessor.java:335)
	at org.springframework.beans.factory.support.AbstractAutowireCapableBeanFactory.applyMergedBeanDefinitionPostProcessors(AbstractAutowireCapableBeanFactory.java:1116)
	at org.springframework.beans.factory.support.AbstractAutowireCapableBeanFactory.doCreateBean(AbstractAutowireCapableBeanFactory.java:594)
	... 20 common frames omitted
Caused by: java.lang.NoClassDefFoundError: Lcom/example/spring1/service/AuthService;
	at java.lang.Class.getDeclaredFields0(Native Method)
	at java.lang.Class.privateGetDeclaredFields(Class.java:2583)
	at java.lang.Class.getDeclaredFields(Class.java:1916)
	at org.springframework.util.ReflectionUtils.getDeclaredFields(ReflectionUtils.java:738)
	... 26 common frames omitted
Caused by: java.lang.ClassNotFoundException: com.example.spring1.service.AuthService
	at java.net.URLClassLoader.findClass(URLClassLoader.java:382)
	at java.lang.ClassLoader.loadClass(ClassLoader.java:424)
	at sun.misc.Launcher$AppClassLoader.loadClass(Launcher.java:349)
	at java.lang.ClassLoader.loadClass(ClassLoader.java:357)
	at java.lang.Class.forName0(Native Method)
	at java.lang.Class.forName(Class.java:348)
	at org.springframework.boot.devtools.restart.classloader.RestartClassLoader.loadClass(RestartClassLoader.java:145)
	at java.lang.ClassLoader.loadClass(ClassLoader.java:357)
	... 30 common frames omitted
2026-04-13 13:45:25 [restartedMain] INFO  c.example.spring1.Spring1Application.logStarting:55 - Starting Spring1Application using Java 1.8.0_202 on arkts开发 with PID 24044 (D:\Project\java-project\blog-demo\target\classes started by USER in D:\Project\java-project\blog-demo)
2026-04-13 13:45:25 [restartedMain] DEBUG c.example.spring1.Spring1Application.logStarting:56 - Running with Spring Boot v2.7.6, Spring v5.3.24
2026-04-13 13:45:25 [restartedMain] INFO  c.example.spring1.Spring1Application.logStartupProfileInfo:637 - The following 1 profile is active: "dev"
2026-04-13 13:45:25 [restartedMain] INFO  o.s.d.r.c.RepositoryConfigurationDelegate.registerRepositoriesIn:132 - Bootstrapping Spring Data JPA repositories in DEFAULT mode.
2026-04-13 13:45:25 [restartedMain] INFO  o.s.d.r.c.RepositoryConfigurationDelegate.registerRepositoriesIn:201 - Finished Spring Data repository scanning in 12 ms. Found 2 JPA repository interfaces.
2026-04-13 13:45:25 [restartedMain] INFO  o.s.b.w.e.tomcat.TomcatWebServer.initialize:108 - Tomcat initialized with port(s): 8080 (http)
2026-04-13 13:45:25 [restartedMain] INFO  o.a.coyote.http11.Http11NioProtocol.log:173 - Initializing ProtocolHandler ["http-nio-8080"]
2026-04-13 13:45:25 [restartedMain] INFO  o.a.catalina.core.StandardService.log:173 - Starting service [Tomcat]
2026-04-13 13:45:25 [restartedMain] INFO  o.a.catalina.core.StandardEngine.log:173 - Starting Servlet engine: [Apache Tomcat/9.0.69]
2026-04-13 13:45:25 [restartedMain] INFO  o.a.c.c.C.[.[localhost].[/api].log:173 - Initializing Spring embedded WebApplicationContext
2026-04-13 13:45:25 [restartedMain] INFO  o.s.b.w.s.c.ServletWebServerApplicationContext.prepareWebApplicationContext:292 - Root WebApplicationContext: initialization completed in 516 ms
2026-04-13 13:45:25 [restartedMain] DEBUG c.e.s.s.JwtAuthenticationFilter.init:242 - Filter 'jwtAuthenticationFilter' configured for use
2026-04-13 13:45:25 [restartedMain] INFO  com.zaxxer.hikari.HikariDataSource.getConnection:110 - HikariPool-7 - Starting...
2026-04-13 13:45:25 [restartedMain] INFO  com.zaxxer.hikari.HikariDataSource.getConnection:123 - HikariPool-7 - Start completed.
2026-04-13 13:45:25 [restartedMain] INFO  o.s.o.j.LocalContainerEntityManagerFactoryBean.buildNativeEntityManagerFactory:437 - Initialized JPA EntityManagerFactory for persistence unit 'default'
2026-04-13 13:45:25 [restartedMain] INFO  o.s.s.web.DefaultSecurityFilterChain.<init>:55 - Will secure any request with [org.springframework.security.web.session.DisableEncodeUrlFilter@3de9c4de, org.springframework.security.web.context.request.async.WebAsyncManagerIntegrationFilter@45170108, org.springframework.security.web.context.SecurityContextPersistenceFilter@65bd255e, org.springframework.security.web.header.HeaderWriterFilter@3888afa1, com.example.spring1.security.JwtAuthenticationFilter@4718334a, org.springframework.security.web.savedrequest.RequestCacheAwareFilter@374be878, org.springframework.security.web.servletapi.SecurityContextHolderAwareRequestFilter@4ac3bc97, org.springframework.security.web.authentication.AnonymousAuthenticationFilter@1520122a, org.springframework.security.web.session.SessionManagementFilter@e4e0721, org.springframework.security.web.access.ExceptionTranslationFilter@c8bc5f4, org.springframework.security.web.access.intercept.FilterSecurityInterceptor@6dd790da]
2026-04-13 13:45:25 [restartedMain] WARN  o.s.b.a.o.j.JpaBaseConfiguration$JpaWebConfiguration.openEntityManagerInViewInterceptor:219 - spring.jpa.open-in-view is enabled by default. Therefore, database queries may be performed during view rendering. Explicitly configure spring.jpa.open-in-view to disable this warning
2026-04-13 13:45:25 [restartedMain] INFO  o.s.b.a.w.s.WelcomePageHandlerMapping.<init>:53 - Adding welcome page: class path resource [static/index.html]
2026-04-13 13:45:26 [restartedMain] INFO  o.s.b.d.a.OptionalLiveReloadServer.startServer:59 - LiveReload server is running on port 35729
2026-04-13 13:45:26 [restartedMain] INFO  o.a.coyote.http11.Http11NioProtocol.log:173 - Starting ProtocolHandler ["http-nio-8080"]
2026-04-13 13:45:26 [restartedMain] INFO  o.s.b.w.e.tomcat.TomcatWebServer.start:220 - Tomcat started on port(s): 8080 (http) with context path '/api'
2026-04-13 13:45:26 [restartedMain] INFO  c.example.spring1.Spring1Application.logStarted:61 - Started Spring1Application in 1.109 seconds (JVM running for 456.053)
2026-04-13 13:45:26 [restartedMain] INFO  o.s.b.d.a.ConditionEvaluationDeltaLoggingListener.onApplicationEvent:63 - Condition evaluation unchanged
2026-04-13 13:45:37 [File Watcher] INFO  o.s.b.d.a.LocalDevToolsAutoConfiguration$RestartingClassPathChangeChangedEventListener.onApplicationEvent:213 - Restarting due to 7 class path changes (0 additions, 7 deletions, 0 modifications)
2026-04-13 13:45:38 [Thread-30] INFO  o.a.coyote.http11.Http11NioProtocol.log:173 - Pausing ProtocolHandler ["http-nio-8080"]
2026-04-13 13:45:38 [Thread-30] INFO  o.a.catalina.core.StandardService.log:173 - Stopping service [Tomcat]
2026-04-13 13:45:38 [Thread-30] INFO  o.a.coyote.http11.Http11NioProtocol.log:173 - Stopping ProtocolHandler ["http-nio-8080"]
2026-04-13 13:45:38 [Thread-30] INFO  o.a.coyote.http11.Http11NioProtocol.log:173 - Destroying ProtocolHandler ["http-nio-8080"]
2026-04-13 13:45:38 [Thread-30] INFO  o.s.o.j.LocalContainerEntityManagerFactoryBean.destroy:651 - Closing JPA EntityManagerFactory for persistence unit 'default'
2026-04-13 13:45:38 [Thread-30] INFO  com.zaxxer.hikari.HikariDataSource.close:350 - HikariPool-7 - Shutdown initiated...
2026-04-13 13:45:38 [Thread-30] INFO  com.zaxxer.hikari.HikariDataSource.close:352 - HikariPool-7 - Shutdown completed.
2026-04-13 13:45:38 [restartedMain] INFO  c.example.spring1.Spring1Application.logStarting:55 - Starting Spring1Application using Java 1.8.0_202 on arkts开发 with PID 24044 (D:\Project\java-project\blog-demo\target\classes started by USER in D:\Project\java-project\blog-demo)
2026-04-13 13:45:38 [restartedMain] DEBUG c.example.spring1.Spring1Application.logStarting:56 - Running with Spring Boot v2.7.6, Spring v5.3.24
2026-04-13 13:45:38 [restartedMain] INFO  c.example.spring1.Spring1Application.logStartupProfileInfo:637 - The following 1 profile is active: "dev"
2026-04-13 13:45:38 [restartedMain] INFO  o.s.d.r.c.RepositoryConfigurationDelegate.registerRepositoriesIn:132 - Bootstrapping Spring Data JPA repositories in DEFAULT mode.
2026-04-13 13:45:38 [restartedMain] INFO  o.s.d.r.c.RepositoryConfigurationDelegate.registerRepositoriesIn:201 - Finished Spring Data repository scanning in 11 ms. Found 2 JPA repository interfaces.
2026-04-13 13:45:38 [restartedMain] INFO  o.s.b.w.e.tomcat.TomcatWebServer.initialize:108 - Tomcat initialized with port(s): 8080 (http)
2026-04-13 13:45:38 [restartedMain] INFO  o.a.coyote.http11.Http11NioProtocol.log:173 - Initializing ProtocolHandler ["http-nio-8080"]
2026-04-13 13:45:38 [restartedMain] INFO  o.a.catalina.core.StandardService.log:173 - Starting service [Tomcat]
2026-04-13 13:45:38 [restartedMain] INFO  o.a.catalina.core.StandardEngine.log:173 - Starting Servlet engine: [Apache Tomcat/9.0.69]
2026-04-13 13:45:38 [restartedMain] INFO  o.a.c.c.C.[.[localhost].[/api].log:173 - Initializing Spring embedded WebApplicationContext
2026-04-13 13:45:38 [restartedMain] INFO  o.s.b.w.s.c.ServletWebServerApplicationContext.prepareWebApplicationContext:292 - Root WebApplicationContext: initialization completed in 402 ms
2026-04-13 13:45:38 [restartedMain] INFO  com.zaxxer.hikari.HikariDataSource.getConnection:110 - HikariPool-8 - Starting...
2026-04-13 13:45:38 [restartedMain] INFO  com.zaxxer.hikari.HikariDataSource.getConnection:123 - HikariPool-8 - Start completed.
2026-04-13 13:45:38 [restartedMain] INFO  o.s.o.j.LocalContainerEntityManagerFactoryBean.buildNativeEntityManagerFactory:437 - Initialized JPA EntityManagerFactory for persistence unit 'default'
2026-04-13 13:45:38 [restartedMain] WARN  o.s.b.w.s.c.AnnotationConfigServletWebServerApplicationContext.refresh:591 - Exception encountered during context initialization - cancelling refresh attempt: org.springframework.beans.factory.BeanCreationException: Error creating bean with name 'authController' defined in file [D:\Project\java-project\blog-demo\target\classes\com\example\spring1\controller\AuthController.class]: Post-processing of merged bean definition failed; nested exception is java.lang.IllegalStateException: Failed to introspect Class [com.example.spring1.controller.AuthController] from ClassLoader [org.springframework.boot.devtools.restart.classloader.RestartClassLoader@2915cf24]
2026-04-13 13:45:38 [restartedMain] INFO  o.s.o.j.LocalContainerEntityManagerFactoryBean.destroy:651 - Closing JPA EntityManagerFactory for persistence unit 'default'
2026-04-13 13:45:38 [restartedMain] INFO  com.zaxxer.hikari.HikariDataSource.close:350 - HikariPool-8 - Shutdown initiated...
2026-04-13 13:45:38 [restartedMain] INFO  com.zaxxer.hikari.HikariDataSource.close:352 - HikariPool-8 - Shutdown completed.
2026-04-13 13:45:38 [restartedMain] INFO  o.a.catalina.core.StandardService.log:173 - Stopping service [Tomcat]
2026-04-13 13:45:38 [restartedMain] INFO  o.s.b.a.l.ConditionEvaluationReportLoggingListener.logMessage:136 - 

Error starting ApplicationContext. To display the conditions report re-run your application with 'debug' enabled.
2026-04-13 13:45:38 [restartedMain] ERROR o.s.boot.SpringApplication.reportFailure:821 - Application run failed
org.springframework.beans.factory.BeanCreationException: Error creating bean with name 'authController' defined in file [D:\Project\java-project\blog-demo\target\classes\com\example\spring1\controller\AuthController.class]: Post-processing of merged bean definition failed; nested exception is java.lang.IllegalStateException: Failed to introspect Class [com.example.spring1.controller.AuthController] from ClassLoader [org.springframework.boot.devtools.restart.classloader.RestartClassLoader@2915cf24]
	at org.springframework.beans.factory.support.AbstractAutowireCapableBeanFactory.doCreateBean(AbstractAutowireCapableBeanFactory.java:597)
	at org.springframework.beans.factory.support.AbstractAutowireCapableBeanFactory.createBean(AbstractAutowireCapableBeanFactory.java:542)
	at org.springframework.beans.factory.support.AbstractBeanFactory.lambda$doGetBean$0(AbstractBeanFactory.java:335)
	at org.springframework.beans.factory.support.DefaultSingletonBeanRegistry.getSingleton(DefaultSingletonBeanRegistry.java:234)
	at org.springframework.beans.factory.support.AbstractBeanFactory.doGetBean(AbstractBeanFactory.java:333)
	at org.springframework.beans.factory.support.AbstractBeanFactory.getBean(AbstractBeanFactory.java:208)
	at org.springframework.beans.factory.support.DefaultListableBeanFactory.preInstantiateSingletons(DefaultListableBeanFactory.java:955)
	at org.springframework.context.support.AbstractApplicationContext.finishBeanFactoryInitialization(AbstractApplicationContext.java:918)
	at org.springframework.context.support.AbstractApplicationContext.refresh(AbstractApplicationContext.java:583)
	at org.springframework.boot.web.servlet.context.ServletWebServerApplicationContext.refresh(ServletWebServerApplicationContext.java:147)
	at org.springframework.boot.SpringApplication.refresh(SpringApplication.java:731)
	at org.springframework.boot.SpringApplication.refreshContext(SpringApplication.java:408)
	at org.springframework.boot.SpringApplication.run(SpringApplication.java:307)
	at org.springframework.boot.SpringApplication.run(SpringApplication.java:1303)
	at org.springframework.boot.SpringApplication.run(SpringApplication.java:1292)
	at com.example.spring1.Spring1Application.main(Spring1Application.java:10)
	at sun.reflect.NativeMethodAccessorImpl.invoke0(Native Method)
	at sun.reflect.NativeMethodAccessorImpl.invoke(NativeMethodAccessorImpl.java:62)
	at sun.reflect.DelegatingMethodAccessorImpl.invoke(DelegatingMethodAccessorImpl.java:43)
	at java.lang.reflect.Method.invoke(Method.java:498)
	at org.springframework.boot.devtools.restart.RestartLauncher.run(RestartLauncher.java:49)
Caused by: java.lang.IllegalStateException: Failed to introspect Class [com.example.spring1.controller.AuthController] from ClassLoader [org.springframework.boot.devtools.restart.classloader.RestartClassLoader@2915cf24]
	at org.springframework.util.ReflectionUtils.getDeclaredFields(ReflectionUtils.java:743)
	at org.springframework.util.ReflectionUtils.doWithLocalFields(ReflectionUtils.java:675)
	at org.springframework.orm.jpa.support.PersistenceAnnotationBeanPostProcessor.buildPersistenceMetadata(PersistenceAnnotationBeanPostProcessor.java:407)
	at org.springframework.orm.jpa.support.PersistenceAnnotationBeanPostProcessor.findPersistenceMetadata(PersistenceAnnotationBeanPostProcessor.java:388)
	at org.springframework.orm.jpa.support.PersistenceAnnotationBeanPostProcessor.postProcessMergedBeanDefinition(PersistenceAnnotationBeanPostProcessor.java:335)
	at org.springframework.beans.factory.support.AbstractAutowireCapableBeanFactory.applyMergedBeanDefinitionPostProcessors(AbstractAutowireCapableBeanFactory.java:1116)
	at org.springframework.beans.factory.support.AbstractAutowireCapableBeanFactory.doCreateBean(AbstractAutowireCapableBeanFactory.java:594)
	... 20 common frames omitted
Caused by: java.lang.NoClassDefFoundError: Lcom/example/spring1/service/AuthService;
	at java.lang.Class.getDeclaredFields0(Native Method)
	at java.lang.Class.privateGetDeclaredFields(Class.java:2583)
	at java.lang.Class.getDeclaredFields(Class.java:1916)
	at org.springframework.util.ReflectionUtils.getDeclaredFields(ReflectionUtils.java:738)
	... 26 common frames omitted
Caused by: java.lang.ClassNotFoundException: com.example.spring1.service.AuthService
	at java.net.URLClassLoader.findClass(URLClassLoader.java:382)
	at java.lang.ClassLoader.loadClass(ClassLoader.java:424)
	at sun.misc.Launcher$AppClassLoader.loadClass(Launcher.java:349)
	at java.lang.ClassLoader.loadClass(ClassLoader.java:357)
	at java.lang.Class.forName0(Native Method)
	at java.lang.Class.forName(Class.java:348)
	at org.springframework.boot.devtools.restart.classloader.RestartClassLoader.loadClass(RestartClassLoader.java:145)
	at java.lang.ClassLoader.loadClass(ClassLoader.java:357)
	... 30 common frames omitted
2026-04-13 13:45:40 [restartedMain] INFO  c.example.spring1.Spring1Application.logStarting:55 - Starting Spring1Application using Java 1.8.0_202 on arkts开发 with PID 24044 (D:\Project\java-project\blog-demo\target\classes started by USER in D:\Project\java-project\blog-demo)
2026-04-13 13:45:40 [restartedMain] DEBUG c.example.spring1.Spring1Application.logStarting:56 - Running with Spring Boot v2.7.6, Spring v5.3.24
2026-04-13 13:45:40 [restartedMain] INFO  c.example.spring1.Spring1Application.logStartupProfileInfo:637 - The following 1 profile is active: "dev"
2026-04-13 13:45:40 [restartedMain] INFO  o.s.d.r.c.RepositoryConfigurationDelegate.registerRepositoriesIn:132 - Bootstrapping Spring Data JPA repositories in DEFAULT mode.
2026-04-13 13:45:40 [restartedMain] INFO  o.s.d.r.c.RepositoryConfigurationDelegate.registerRepositoriesIn:201 - Finished Spring Data repository scanning in 15 ms. Found 2 JPA repository interfaces.
2026-04-13 13:45:40 [restartedMain] INFO  o.s.b.w.e.tomcat.TomcatWebServer.initialize:108 - Tomcat initialized with port(s): 8080 (http)
2026-04-13 13:45:40 [restartedMain] INFO  o.a.coyote.http11.Http11NioProtocol.log:173 - Initializing ProtocolHandler ["http-nio-8080"]
2026-04-13 13:45:40 [restartedMain] INFO  o.a.catalina.core.StandardService.log:173 - Starting service [Tomcat]
2026-04-13 13:45:40 [restartedMain] INFO  o.a.catalina.core.StandardEngine.log:173 - Starting Servlet engine: [Apache Tomcat/9.0.69]
2026-04-13 13:45:40 [restartedMain] INFO  o.a.c.c.C.[.[localhost].[/api].log:173 - Initializing Spring embedded WebApplicationContext
2026-04-13 13:45:40 [restartedMain] INFO  o.s.b.w.s.c.ServletWebServerApplicationContext.prepareWebApplicationContext:292 - Root WebApplicationContext: initialization completed in 357 ms
2026-04-13 13:45:40 [restartedMain] DEBUG c.e.s.s.JwtAuthenticationFilter.init:242 - Filter 'jwtAuthenticationFilter' configured for use
2026-04-13 13:45:40 [restartedMain] INFO  com.zaxxer.hikari.HikariDataSource.getConnection:110 - HikariPool-9 - Starting...
2026-04-13 13:45:40 [restartedMain] INFO  com.zaxxer.hikari.HikariDataSource.getConnection:123 - HikariPool-9 - Start completed.
2026-04-13 13:45:40 [restartedMain] INFO  o.s.o.j.LocalContainerEntityManagerFactoryBean.buildNativeEntityManagerFactory:437 - Initialized JPA EntityManagerFactory for persistence unit 'default'
2026-04-13 13:45:40 [restartedMain] INFO  o.s.s.web.DefaultSecurityFilterChain.<init>:55 - Will secure any request with [org.springframework.security.web.session.DisableEncodeUrlFilter@6e62a440, org.springframework.security.web.context.request.async.WebAsyncManagerIntegrationFilter@494be43e, org.springframework.security.web.context.SecurityContextPersistenceFilter@53e824c4, org.springframework.security.web.header.HeaderWriterFilter@4bc9452a, com.example.spring1.security.JwtAuthenticationFilter@2ffdfa01, org.springframework.security.web.savedrequest.RequestCacheAwareFilter@13a47440, org.springframework.security.web.servletapi.SecurityContextHolderAwareRequestFilter@12c5830b, org.springframework.security.web.authentication.AnonymousAuthenticationFilter@8f461ef, org.springframework.security.web.session.SessionManagementFilter@20ea1de9, org.springframework.security.web.access.ExceptionTranslationFilter@9792eaf, org.springframework.security.web.access.intercept.FilterSecurityInterceptor@59779569]
2026-04-13 13:45:40 [restartedMain] WARN  o.s.b.a.o.j.JpaBaseConfiguration$JpaWebConfiguration.openEntityManagerInViewInterceptor:219 - spring.jpa.open-in-view is enabled by default. Therefore, database queries may be performed during view rendering. Explicitly configure spring.jpa.open-in-view to disable this warning
2026-04-13 13:45:40 [restartedMain] INFO  o.s.b.a.w.s.WelcomePageHandlerMapping.<init>:53 - Adding welcome page: class path resource [static/index.html]
2026-04-13 13:45:41 [restartedMain] INFO  o.s.b.d.a.OptionalLiveReloadServer.startServer:59 - LiveReload server is running on port 35729
2026-04-13 13:45:41 [restartedMain] INFO  o.a.coyote.http11.Http11NioProtocol.log:173 - Starting ProtocolHandler ["http-nio-8080"]
2026-04-13 13:45:41 [restartedMain] INFO  o.s.b.w.e.tomcat.TomcatWebServer.start:220 - Tomcat started on port(s): 8080 (http) with context path '/api'
2026-04-13 13:45:41 [restartedMain] INFO  c.example.spring1.Spring1Application.logStarted:61 - Started Spring1Application in 0.975 seconds (JVM running for 471.125)
2026-04-13 13:45:41 [restartedMain] INFO  o.s.b.d.a.ConditionEvaluationDeltaLoggingListener.onApplicationEvent:63 - Condition evaluation unchanged
2026-04-13 13:46:08 [http-nio-8080-exec-1] INFO  o.a.c.c.C.[.[localhost].[/api].log:173 - Initializing Spring DispatcherServlet 'dispatcherServlet'
2026-04-13 13:46:08 [http-nio-8080-exec-1] INFO  o.s.web.servlet.DispatcherServlet.initServletBean:525 - Initializing Servlet 'dispatcherServlet'
2026-04-13 13:46:08 [http-nio-8080-exec-1] INFO  o.s.web.servlet.DispatcherServlet.initServletBean:547 - Completed initialization in 1 ms
2026-04-13 13:46:14 [File Watcher] INFO  o.s.b.d.a.LocalDevToolsAutoConfiguration$RestartingClassPathChangeChangedEventListener.onApplicationEvent:213 - Restarting due to 13 class path changes (0 additions, 13 deletions, 0 modifications)
2026-04-13 13:46:14 [Thread-40] INFO  o.a.coyote.http11.Http11NioProtocol.log:173 - Pausing ProtocolHandler ["http-nio-8080"]
2026-04-13 13:46:14 [Thread-40] INFO  o.a.catalina.core.StandardService.log:173 - Stopping service [Tomcat]
2026-04-13 13:46:14 [Thread-40] INFO  o.a.c.c.C.[.[localhost].[/api].log:173 - Destroying Spring FrameworkServlet 'dispatcherServlet'
2026-04-13 13:46:14 [Thread-40] INFO  o.a.coyote.http11.Http11NioProtocol.log:173 - Stopping ProtocolHandler ["http-nio-8080"]
2026-04-13 13:46:14 [Thread-40] INFO  o.a.coyote.http11.Http11NioProtocol.log:173 - Destroying ProtocolHandler ["http-nio-8080"]
2026-04-13 13:46:14 [Thread-40] INFO  o.s.o.j.LocalContainerEntityManagerFactoryBean.destroy:651 - Closing JPA EntityManagerFactory for persistence unit 'default'
2026-04-13 13:46:14 [Thread-40] INFO  com.zaxxer.hikari.HikariDataSource.close:350 - HikariPool-9 - Shutdown initiated...
2026-04-13 13:46:14 [Thread-40] INFO  com.zaxxer.hikari.HikariDataSource.close:352 - HikariPool-9 - Shutdown completed.
2026-04-13 13:46:14 [restartedMain] INFO  c.example.spring1.Spring1Application.logStarting:55 - Starting Spring1Application using Java 1.8.0_202 on arkts开发 with PID 24044 (D:\Project\java-project\blog-demo\target\classes started by USER in D:\Project\java-project\blog-demo)
2026-04-13 13:46:14 [restartedMain] DEBUG c.example.spring1.Spring1Application.logStarting:56 - Running with Spring Boot v2.7.6, Spring v5.3.24
2026-04-13 13:46:14 [restartedMain] INFO  c.example.spring1.Spring1Application.logStartupProfileInfo:637 - The following 1 profile is active: "dev"
2026-04-13 13:46:14 [restartedMain] INFO  o.s.d.r.c.RepositoryConfigurationDelegate.registerRepositoriesIn:132 - Bootstrapping Spring Data JPA repositories in DEFAULT mode.
2026-04-13 13:46:14 [restartedMain] INFO  o.s.d.r.c.RepositoryConfigurationDelegate.registerRepositoriesIn:201 - Finished Spring Data repository scanning in 10 ms. Found 2 JPA repository interfaces.
2026-04-13 13:46:15 [restartedMain] INFO  o.s.b.w.e.tomcat.TomcatWebServer.initialize:108 - Tomcat initialized with port(s): 8080 (http)
2026-04-13 13:46:15 [restartedMain] INFO  o.a.coyote.http11.Http11NioProtocol.log:173 - Initializing ProtocolHandler ["http-nio-8080"]
2026-04-13 13:46:15 [restartedMain] INFO  o.a.catalina.core.StandardService.log:173 - Starting service [Tomcat]
2026-04-13 13:46:15 [restartedMain] INFO  o.a.catalina.core.StandardEngine.log:173 - Starting Servlet engine: [Apache Tomcat/9.0.69]
2026-04-13 13:46:15 [restartedMain] INFO  o.a.c.c.C.[.[localhost].[/api].log:173 - Initializing Spring embedded WebApplicationContext
2026-04-13 13:46:15 [restartedMain] INFO  o.s.b.w.s.c.ServletWebServerApplicationContext.prepareWebApplicationContext:292 - Root WebApplicationContext: initialization completed in 292 ms
2026-04-13 13:46:15 [restartedMain] DEBUG c.e.s.s.JwtAuthenticationFilter.init:242 - Filter 'jwtAuthenticationFilter' configured for use
2026-04-13 13:46:15 [restartedMain] INFO  com.zaxxer.hikari.HikariDataSource.getConnection:110 - HikariPool-10 - Starting...
2026-04-13 13:46:15 [restartedMain] INFO  com.zaxxer.hikari.HikariDataSource.getConnection:123 - HikariPool-10 - Start completed.
2026-04-13 13:46:15 [restartedMain] INFO  o.s.o.j.LocalContainerEntityManagerFactoryBean.buildNativeEntityManagerFactory:437 - Initialized JPA EntityManagerFactory for persistence unit 'default'
2026-04-13 13:46:15 [restartedMain] INFO  o.s.s.web.DefaultSecurityFilterChain.<init>:55 - Will secure any request with [org.springframework.security.web.session.DisableEncodeUrlFilter@a967916, org.springframework.security.web.context.request.async.WebAsyncManagerIntegrationFilter@258fa0e, org.springframework.security.web.context.SecurityContextPersistenceFilter@226a4561, org.springframework.security.web.header.HeaderWriterFilter@5ca2da97, com.example.spring1.security.JwtAuthenticationFilter@24b9a140, org.springframework.security.web.savedrequest.RequestCacheAwareFilter@7ab22f41, org.springframework.security.web.servletapi.SecurityContextHolderAwareRequestFilter@308e34e2, org.springframework.security.web.authentication.AnonymousAuthenticationFilter@61e007e6, org.springframework.security.web.session.SessionManagementFilter@1519f74f, org.springframework.security.web.access.ExceptionTranslationFilter@5f30e613, org.springframework.security.web.access.intercept.FilterSecurityInterceptor@38d9d5f0]
2026-04-13 13:46:15 [restartedMain] WARN  o.s.b.a.o.j.JpaBaseConfiguration$JpaWebConfiguration.openEntityManagerInViewInterceptor:219 - spring.jpa.open-in-view is enabled by default. Therefore, database queries may be performed during view rendering. Explicitly configure spring.jpa.open-in-view to disable this warning
2026-04-13 13:46:15 [restartedMain] INFO  o.s.b.a.w.s.WelcomePageHandlerMapping.<init>:53 - Adding welcome page: class path resource [static/index.html]
2026-04-13 13:46:15 [restartedMain] INFO  o.s.b.d.a.OptionalLiveReloadServer.startServer:59 - LiveReload server is running on port 35729
2026-04-13 13:46:15 [restartedMain] INFO  o.a.coyote.http11.Http11NioProtocol.log:173 - Starting ProtocolHandler ["http-nio-8080"]
2026-04-13 13:46:15 [restartedMain] INFO  o.s.b.w.e.tomcat.TomcatWebServer.start:220 - Tomcat started on port(s): 8080 (http) with context path '/api'
2026-04-13 13:46:15 [restartedMain] INFO  c.example.spring1.Spring1Application.logStarted:61 - Started Spring1Application in 0.68 seconds (JVM running for 505.199)
2026-04-13 13:46:15 [restartedMain] INFO  o.s.b.d.a.ConditionEvaluationDeltaLoggingListener.onApplicationEvent:63 - Condition evaluation unchanged
2026-04-13 13:46:37 [http-nio-8080-exec-1] INFO  o.a.c.c.C.[.[localhost].[/api].log:173 - Initializing Spring DispatcherServlet 'dispatcherServlet'
2026-04-13 13:46:37 [http-nio-8080-exec-1] INFO  o.s.web.servlet.DispatcherServlet.initServletBean:525 - Initializing Servlet 'dispatcherServlet'
2026-04-13 13:46:37 [http-nio-8080-exec-1] INFO  o.s.web.servlet.DispatcherServlet.initServletBean:547 - Completed initialization in 2 ms
2026-04-13 13:50:32 [http-nio-8080-exec-1] WARN  o.s.w.s.m.m.a.ExceptionHandlerExceptionResolver.logException:208 - Resolved [org.springframework.web.bind.MethodArgumentNotValidException: Validation failed for argument [0] in public com.example.spring1.common.Result<com.example.spring1.dto.AuthResponse> com.example.spring1.controller.AuthController.login(com.example.spring1.dto.LoginRequest) with 2 errors: [Field error in object 'loginRequest' on field 'password': rejected value [ddd]; codes [Pattern.loginRequest.password,Pattern.password,Pattern.java.lang.String,Pattern]; arguments [org.springframework.context.support.DefaultMessageSourceResolvable: codes [loginRequest.password,password]; arguments []; default message [password],[Ljavax.validation.constraints.Pattern$Flag;@866a2a1,^(?=.*[A-Za-z])(?=.*\d)[A-Za-z\d]{8,20}$]; default message [密码格式不正确]] [Field error in object 'loginRequest' on field 'nickname': rejected value [lu]; codes [Pattern.loginRequest.nickname,Pattern.nickname,Pattern.java.lang.String,Pattern]; arguments [org.springframework.context.support.DefaultMessageSourceResolvable: codes [loginRequest.nickname,nickname]; arguments []; default message [nickname],[Ljavax.validation.constraints.Pattern$Flag;@866a2a1,^[a-zA-Z][a-zA-Z0-9_]{3,19}$]; default message [昵称格式不正确]] ]
2026-04-13 13:50:55 [http-nio-8080-exec-2] WARN  o.s.w.s.m.m.a.ExceptionHandlerExceptionResolver.logException:208 - Resolved [com.example.spring1.common.BusinessException: 用户不存在]
2026-04-13 13:50:58 [http-nio-8080-exec-3] WARN  o.s.w.s.m.m.a.ExceptionHandlerExceptionResolver.logException:208 - Resolved [com.example.spring1.common.BusinessException: 用户不存在]
2026-04-13 13:53:37 [http-nio-8080-exec-10] WARN  o.s.w.s.m.m.a.ExceptionHandlerExceptionResolver.logException:208 - Resolved [org.springframework.web.bind.MethodArgumentNotValidException: Validation failed for argument [0] in public com.example.spring1.common.Result<com.example.spring1.dto.AuthResponse> com.example.spring1.controller.AuthController.login(com.example.spring1.dto.LoginRequest): [Field error in object 'loginRequest' on field 'nickname': rejected value [1]; codes [Pattern.loginRequest.nickname,Pattern.nickname,Pattern.java.lang.String,Pattern]; arguments [org.springframework.context.support.DefaultMessageSourceResolvable: codes [loginRequest.nickname,nickname]; arguments []; default message [nickname],[Ljavax.validation.constraints.Pattern$Flag;@866a2a1,^[a-zA-Z][a-zA-Z0-9_]{3,19}$]; default message [昵称格式不正确]] ]
2026-04-13 13:53:45 [http-nio-8080-exec-1] WARN  o.s.w.s.m.m.a.ExceptionHandlerExceptionResolver.logException:208 - Resolved [org.springframework.web.bind.MethodArgumentNotValidException: Validation failed for argument [0] in public com.example.spring1.common.Result<com.example.spring1.dto.AuthResponse> com.example.spring1.controller.AuthController.login(com.example.spring1.dto.LoginRequest): [Field error in object 'loginRequest' on field 'nickname': rejected value [lu]; codes [Pattern.loginRequest.nickname,Pattern.nickname,Pattern.java.lang.String,Pattern]; arguments [org.springframework.context.support.DefaultMessageSourceResolvable: codes [loginRequest.nickname,nickname]; arguments []; default message [nickname],[Ljavax.validation.constraints.Pattern$Flag;@866a2a1,^[a-zA-Z][a-zA-Z0-9_]{3,19}$]; default message [昵称格式不正确]] ]
2026-04-13 13:56:58 [File Watcher] INFO  o.s.b.d.a.LocalDevToolsAutoConfiguration$RestartingClassPathChangeChangedEventListener.onApplicationEvent:213 - Restarting due to 7 class path changes (0 additions, 7 deletions, 0 modifications)
2026-04-13 13:56:59 [Thread-47] INFO  o.a.coyote.http11.Http11NioProtocol.log:173 - Pausing ProtocolHandler ["http-nio-8080"]
2026-04-13 13:56:59 [Thread-47] INFO  o.a.catalina.core.StandardService.log:173 - Stopping service [Tomcat]
2026-04-13 13:56:59 [Thread-47] INFO  o.a.c.c.C.[.[localhost].[/api].log:173 - Destroying Spring FrameworkServlet 'dispatcherServlet'
2026-04-13 13:56:59 [Thread-47] INFO  o.a.coyote.http11.Http11NioProtocol.log:173 - Stopping ProtocolHandler ["http-nio-8080"]
2026-04-13 13:56:59 [Thread-47] INFO  o.a.coyote.http11.Http11NioProtocol.log:173 - Destroying ProtocolHandler ["http-nio-8080"]
2026-04-13 13:56:59 [Thread-47] INFO  o.s.o.j.LocalContainerEntityManagerFactoryBean.destroy:651 - Closing JPA EntityManagerFactory for persistence unit 'default'
2026-04-13 13:56:59 [Thread-47] INFO  com.zaxxer.hikari.HikariDataSource.close:350 - HikariPool-10 - Shutdown initiated...
2026-04-13 13:56:59 [Thread-47] INFO  com.zaxxer.hikari.HikariDataSource.close:352 - HikariPool-10 - Shutdown completed.
2026-04-13 13:56:59 [restartedMain] INFO  c.example.spring1.Spring1Application.logStarting:55 - Starting Spring1Application using Java 1.8.0_202 on arkts开发 with PID 24044 (D:\Project\java-project\blog-demo\target\classes started by USER in D:\Project\java-project\blog-demo)
2026-04-13 13:56:59 [restartedMain] DEBUG c.example.spring1.Spring1Application.logStarting:56 - Running with Spring Boot v2.7.6, Spring v5.3.24
2026-04-13 13:56:59 [restartedMain] INFO  c.example.spring1.Spring1Application.logStartupProfileInfo:637 - The following 1 profile is active: "dev"
2026-04-13 13:56:59 [restartedMain] INFO  o.s.d.r.c.RepositoryConfigurationDelegate.registerRepositoriesIn:132 - Bootstrapping Spring Data JPA repositories in DEFAULT mode.
2026-04-13 13:56:59 [restartedMain] INFO  o.s.d.r.c.RepositoryConfigurationDelegate.registerRepositoriesIn:201 - Finished Spring Data repository scanning in 16 ms. Found 2 JPA repository interfaces.
2026-04-13 13:57:00 [restartedMain] INFO  o.s.b.w.e.tomcat.TomcatWebServer.initialize:108 - Tomcat initialized with port(s): 8080 (http)
2026-04-13 13:57:00 [restartedMain] INFO  o.a.coyote.http11.Http11NioProtocol.log:173 - Initializing ProtocolHandler ["http-nio-8080"]
2026-04-13 13:57:00 [restartedMain] INFO  o.a.catalina.core.StandardService.log:173 - Starting service [Tomcat]
2026-04-13 13:57:00 [restartedMain] INFO  o.a.catalina.core.StandardEngine.log:173 - Starting Servlet engine: [Apache Tomcat/9.0.69]
2026-04-13 13:57:00 [restartedMain] INFO  o.a.c.c.C.[.[localhost].[/api].log:173 - Initializing Spring embedded WebApplicationContext
2026-04-13 13:57:00 [restartedMain] INFO  o.s.b.w.s.c.ServletWebServerApplicationContext.prepareWebApplicationContext:292 - Root WebApplicationContext: initialization completed in 515 ms
2026-04-13 13:57:00 [restartedMain] INFO  com.zaxxer.hikari.HikariDataSource.getConnection:110 - HikariPool-11 - Starting...
2026-04-13 13:57:00 [restartedMain] INFO  com.zaxxer.hikari.HikariDataSource.getConnection:123 - HikariPool-11 - Start completed.
2026-04-13 13:57:00 [restartedMain] INFO  o.s.o.j.LocalContainerEntityManagerFactoryBean.buildNativeEntityManagerFactory:437 - Initialized JPA EntityManagerFactory for persistence unit 'default'
2026-04-13 13:57:00 [restartedMain] WARN  o.s.b.a.o.j.JpaBaseConfiguration$JpaWebConfiguration.openEntityManagerInViewInterceptor:219 - spring.jpa.open-in-view is enabled by default. Therefore, database queries may be performed during view rendering. Explicitly configure spring.jpa.open-in-view to disable this warning
2026-04-13 13:57:00 [restartedMain] INFO  o.s.b.a.w.s.WelcomePageHandlerMapping.<init>:53 - Adding welcome page: class path resource [static/index.html]
2026-04-13 13:57:00 [restartedMain] INFO  o.s.s.web.DefaultSecurityFilterChain.<init>:55 - Will secure any request with [org.springframework.security.web.session.DisableEncodeUrlFilter@5e608f32, org.springframework.security.web.context.request.async.WebAsyncManagerIntegrationFilter@6e0bab95, org.springframework.security.web.context.SecurityContextPersistenceFilter@50dac00f, org.springframework.security.web.header.HeaderWriterFilter@4a75a40c, org.springframework.security.web.csrf.CsrfFilter@56058246, org.springframework.security.web.authentication.logout.LogoutFilter@3383764d, org.springframework.security.web.authentication.UsernamePasswordAuthenticationFilter@2bf4e45, org.springframework.security.web.authentication.ui.DefaultLoginPageGeneratingFilter@602dabbe, org.springframework.security.web.authentication.ui.DefaultLogoutPageGeneratingFilter@5141cd9e, org.springframework.security.web.authentication.www.BasicAuthenticationFilter@2283bed4, org.springframework.security.web.savedrequest.RequestCacheAwareFilter@77b2438e, org.springframework.security.web.servletapi.SecurityContextHolderAwareRequestFilter@1080dcb0, org.springframework.security.web.authentication.AnonymousAuthenticationFilter@5f1a6e4e, org.springframework.security.web.session.SessionManagementFilter@301818b6, org.springframework.security.web.access.ExceptionTranslationFilter@6e7936cc, org.springframework.security.web.access.intercept.FilterSecurityInterceptor@6caada38]
2026-04-13 13:57:00 [restartedMain] INFO  o.s.b.d.a.OptionalLiveReloadServer.startServer:59 - LiveReload server is running on port 35729
2026-04-13 13:57:00 [restartedMain] INFO  o.a.coyote.http11.Http11NioProtocol.log:173 - Starting ProtocolHandler ["http-nio-8080"]
2026-04-13 13:57:00 [restartedMain] INFO  o.s.b.w.e.tomcat.TomcatWebServer.start:220 - Tomcat started on port(s): 8080 (http) with context path '/api'
2026-04-13 13:57:00 [restartedMain] INFO  c.example.spring1.Spring1Application.logStarted:61 - Started Spring1Application in 1.122 seconds (JVM running for 1150.459)
2026-04-13 13:57:00 [restartedMain] INFO  o.s.b.d.a.ConditionEvaluationDeltaLoggingListener.onApplicationEvent:58 - Condition evaluation delta:


==========================
CONDITION EVALUATION DELTA
==========================


Positive matches:
-----------------

   SpringBootWebSecurityConfiguration.SecurityFilterChainConfiguration matched:
      - AllNestedConditions 2 matched 0 did not; NestedCondition on DefaultWebSecurityCondition.Beans @ConditionalOnMissingBean (types: org.springframework.security.config.annotation.web.configuration.WebSecurityConfigurerAdapter,org.springframework.security.web.SecurityFilterChain; SearchStrategy: all) did not find any beans; NestedCondition on DefaultWebSecurityCondition.Classes @ConditionalOnClass found required classes 'org.springframework.security.web.SecurityFilterChain', 'org.springframework.security.config.annotation.web.builders.HttpSecurity' (DefaultWebSecurityCondition)

   SpringBootWebSecurityConfiguration.WebSecurityEnablerConfiguration matched:
      - @ConditionalOnClass found required class 'org.springframework.security.config.annotation.web.configuration.EnableWebSecurity' (OnClassCondition)
      - @ConditionalOnMissingBean (names: springSecurityFilterChain; SearchStrategy: all) did not find any beans (OnBeanCondition)


Negative matches:
-----------------

    None


Exclusions:
-----------

    None


Unconditional classes:
----------------------

    None



2026-04-13 13:58:34 [File Watcher] INFO  o.s.b.d.a.LocalDevToolsAutoConfiguration$RestartingClassPathChangeChangedEventListener.onApplicationEvent:213 - Restarting due to 3 class path changes (0 additions, 3 deletions, 0 modifications)
2026-04-13 13:58:35 [Thread-51] INFO  o.a.coyote.http11.Http11NioProtocol.log:173 - Pausing ProtocolHandler ["http-nio-8080"]
2026-04-13 13:58:35 [Thread-51] INFO  o.a.catalina.core.StandardService.log:173 - Stopping service [Tomcat]
2026-04-13 13:58:35 [Thread-51] INFO  o.a.coyote.http11.Http11NioProtocol.log:173 - Stopping ProtocolHandler ["http-nio-8080"]
2026-04-13 13:58:35 [Thread-51] INFO  o.a.coyote.http11.Http11NioProtocol.log:173 - Destroying ProtocolHandler ["http-nio-8080"]
2026-04-13 13:58:35 [Thread-51] INFO  o.s.o.j.LocalContainerEntityManagerFactoryBean.destroy:651 - Closing JPA EntityManagerFactory for persistence unit 'default'
2026-04-13 13:58:35 [Thread-51] INFO  com.zaxxer.hikari.HikariDataSource.close:350 - HikariPool-11 - Shutdown initiated...
2026-04-13 13:58:35 [Thread-51] INFO  com.zaxxer.hikari.HikariDataSource.close:352 - HikariPool-11 - Shutdown completed.
2026-04-13 13:58:35 [restartedMain] INFO  c.example.spring1.Spring1Application.logStarting:55 - Starting Spring1Application using Java 1.8.0_202 on arkts开发 with PID 24044 (D:\Project\java-project\blog-demo\target\classes started by USER in D:\Project\java-project\blog-demo)
2026-04-13 13:58:35 [restartedMain] DEBUG c.example.spring1.Spring1Application.logStarting:56 - Running with Spring Boot v2.7.6, Spring v5.3.24
2026-04-13 13:58:35 [restartedMain] INFO  c.example.spring1.Spring1Application.logStartupProfileInfo:637 - The following 1 profile is active: "dev"
2026-04-13 13:58:35 [restartedMain] INFO  o.s.d.r.c.RepositoryConfigurationDelegate.registerRepositoriesIn:132 - Bootstrapping Spring Data JPA repositories in DEFAULT mode.
2026-04-13 13:58:35 [restartedMain] INFO  o.s.d.r.c.RepositoryConfigurationDelegate.registerRepositoriesIn:201 - Finished Spring Data repository scanning in 38 ms. Found 2 JPA repository interfaces.
2026-04-13 13:58:35 [restartedMain] INFO  o.s.b.w.e.tomcat.TomcatWebServer.initialize:108 - Tomcat initialized with port(s): 8080 (http)
2026-04-13 13:58:35 [restartedMain] INFO  o.a.coyote.http11.Http11NioProtocol.log:173 - Initializing ProtocolHandler ["http-nio-8080"]
2026-04-13 13:58:35 [restartedMain] INFO  o.a.catalina.core.StandardService.log:173 - Starting service [Tomcat]
2026-04-13 13:58:35 [restartedMain] INFO  o.a.catalina.core.StandardEngine.log:173 - Starting Servlet engine: [Apache Tomcat/9.0.69]
2026-04-13 13:58:35 [restartedMain] INFO  o.a.c.c.C.[.[localhost].[/api].log:173 - Initializing Spring embedded WebApplicationContext
2026-04-13 13:58:35 [restartedMain] INFO  o.s.b.w.s.c.ServletWebServerApplicationContext.prepareWebApplicationContext:292 - Root WebApplicationContext: initialization completed in 521 ms
2026-04-13 13:58:35 [restartedMain] INFO  com.zaxxer.hikari.HikariDataSource.getConnection:110 - HikariPool-12 - Starting...
2026-04-13 13:58:35 [restartedMain] INFO  com.zaxxer.hikari.HikariDataSource.getConnection:123 - HikariPool-12 - Start completed.
2026-04-13 13:58:36 [restartedMain] INFO  o.s.o.j.LocalContainerEntityManagerFactoryBean.buildNativeEntityManagerFactory:437 - Initialized JPA EntityManagerFactory for persistence unit 'default'
2026-04-13 13:58:36 [restartedMain] WARN  o.s.b.a.o.j.JpaBaseConfiguration$JpaWebConfiguration.openEntityManagerInViewInterceptor:219 - spring.jpa.open-in-view is enabled by default. Therefore, database queries may be performed during view rendering. Explicitly configure spring.jpa.open-in-view to disable this warning
2026-04-13 13:58:36 [restartedMain] INFO  o.s.b.a.w.s.WelcomePageHandlerMapping.<init>:53 - Adding welcome page: class path resource [static/index.html]
2026-04-13 13:58:36 [restartedMain] INFO  o.s.s.web.DefaultSecurityFilterChain.<init>:55 - Will secure any request with [org.springframework.security.web.session.DisableEncodeUrlFilter@64e5a37e, org.springframework.security.web.context.request.async.WebAsyncManagerIntegrationFilter@19dfa278, org.springframework.security.web.context.SecurityContextPersistenceFilter@51b73798, org.springframework.security.web.header.HeaderWriterFilter@1a4bb3aa, org.springframework.security.web.csrf.CsrfFilter@7129e307, org.springframework.security.web.authentication.logout.LogoutFilter@715cd5d1, org.springframework.security.web.authentication.UsernamePasswordAuthenticationFilter@71dea2ed, org.springframework.security.web.authentication.ui.DefaultLoginPageGeneratingFilter@317baa10, org.springframework.security.web.authentication.ui.DefaultLogoutPageGeneratingFilter@1d12b264, org.springframework.security.web.authentication.www.BasicAuthenticationFilter@231cf026, org.springframework.security.web.savedrequest.RequestCacheAwareFilter@5ffef240, org.springframework.security.web.servletapi.SecurityContextHolderAwareRequestFilter@18efccf6, org.springframework.security.web.authentication.AnonymousAuthenticationFilter@594bfc20, org.springframework.security.web.session.SessionManagementFilter@6fb8d0b3, org.springframework.security.web.access.ExceptionTranslationFilter@2b84b866, org.springframework.security.web.access.intercept.FilterSecurityInterceptor@77915ac0]
2026-04-13 13:58:36 [restartedMain] INFO  o.s.b.d.a.OptionalLiveReloadServer.startServer:59 - LiveReload server is running on port 35729
2026-04-13 13:58:36 [restartedMain] INFO  o.a.coyote.http11.Http11NioProtocol.log:173 - Starting ProtocolHandler ["http-nio-8080"]
2026-04-13 13:58:36 [restartedMain] INFO  o.s.b.w.e.tomcat.TomcatWebServer.start:220 - Tomcat started on port(s): 8080 (http) with context path '/api'
2026-04-13 13:58:36 [restartedMain] INFO  c.example.spring1.Spring1Application.logStarted:61 - Started Spring1Application in 1.111 seconds (JVM running for 1246.296)
2026-04-13 13:58:36 [restartedMain] INFO  o.s.b.d.a.ConditionEvaluationDeltaLoggingListener.onApplicationEvent:63 - Condition evaluation unchanged
2026-04-13 13:58:37 [File Watcher] INFO  o.s.b.d.a.LocalDevToolsAutoConfiguration$RestartingClassPathChangeChangedEventListener.onApplicationEvent:213 - Restarting due to 34 class path changes (7 additions, 0 deletions, 27 modifications)
2026-04-13 13:58:38 [Thread-55] INFO  o.a.coyote.http11.Http11NioProtocol.log:173 - Pausing ProtocolHandler ["http-nio-8080"]
2026-04-13 13:58:38 [Thread-55] INFO  o.a.catalina.core.StandardService.log:173 - Stopping service [Tomcat]
2026-04-13 13:58:38 [Thread-55] INFO  o.a.coyote.http11.Http11NioProtocol.log:173 - Stopping ProtocolHandler ["http-nio-8080"]
2026-04-13 13:58:38 [Thread-55] INFO  o.a.coyote.http11.Http11NioProtocol.log:173 - Destroying ProtocolHandler ["http-nio-8080"]
2026-04-13 13:58:38 [Thread-55] INFO  o.s.o.j.LocalContainerEntityManagerFactoryBean.destroy:651 - Closing JPA EntityManagerFactory for persistence unit 'default'
2026-04-13 13:58:38 [Thread-55] INFO  com.zaxxer.hikari.HikariDataSource.close:350 - HikariPool-12 - Shutdown initiated...
2026-04-13 13:58:38 [Thread-55] INFO  com.zaxxer.hikari.HikariDataSource.close:352 - HikariPool-12 - Shutdown completed.
2026-04-13 13:58:38 [restartedMain] INFO  c.example.spring1.Spring1Application.logStarting:55 - Starting Spring1Application using Java 1.8.0_202 on arkts开发 with PID 24044 (D:\Project\java-project\blog-demo\target\classes started by USER in D:\Project\java-project\blog-demo)
2026-04-13 13:58:38 [restartedMain] DEBUG c.example.spring1.Spring1Application.logStarting:56 - Running with Spring Boot v2.7.6, Spring v5.3.24
2026-04-13 13:58:38 [restartedMain] INFO  c.example.spring1.Spring1Application.logStartupProfileInfo:637 - The following 1 profile is active: "dev"
2026-04-13 13:58:38 [restartedMain] INFO  o.s.d.r.c.RepositoryConfigurationDelegate.registerRepositoriesIn:132 - Bootstrapping Spring Data JPA repositories in DEFAULT mode.
2026-04-13 13:58:38 [restartedMain] INFO  o.s.d.r.c.RepositoryConfigurationDelegate.registerRepositoriesIn:201 - Finished Spring Data repository scanning in 9 ms. Found 2 JPA repository interfaces.
2026-04-13 13:58:38 [restartedMain] INFO  o.s.b.w.e.tomcat.TomcatWebServer.initialize:108 - Tomcat initialized with port(s): 8080 (http)
2026-04-13 13:58:38 [restartedMain] INFO  o.a.coyote.http11.Http11NioProtocol.log:173 - Initializing ProtocolHandler ["http-nio-8080"]
2026-04-13 13:58:38 [restartedMain] INFO  o.a.catalina.core.StandardService.log:173 - Starting service [Tomcat]
2026-04-13 13:58:38 [restartedMain] INFO  o.a.catalina.core.StandardEngine.log:173 - Starting Servlet engine: [Apache Tomcat/9.0.69]
2026-04-13 13:58:38 [restartedMain] INFO  o.a.c.c.C.[.[localhost].[/api].log:173 - Initializing Spring embedded WebApplicationContext
2026-04-13 13:58:38 [restartedMain] INFO  o.s.b.w.s.c.ServletWebServerApplicationContext.prepareWebApplicationContext:292 - Root WebApplicationContext: initialization completed in 250 ms
2026-04-13 13:58:38 [restartedMain] DEBUG c.e.s.s.JwtAuthenticationFilter.init:242 - Filter 'jwtAuthenticationFilter' configured for use
2026-04-13 13:58:38 [restartedMain] INFO  com.zaxxer.hikari.HikariDataSource.getConnection:110 - HikariPool-13 - Starting...
2026-04-13 13:58:38 [restartedMain] INFO  com.zaxxer.hikari.HikariDataSource.getConnection:123 - HikariPool-13 - Start completed.
2026-04-13 13:58:38 [restartedMain] INFO  o.s.o.j.LocalContainerEntityManagerFactoryBean.buildNativeEntityManagerFactory:437 - Initialized JPA EntityManagerFactory for persistence unit 'default'
2026-04-13 13:58:38 [restartedMain] INFO  o.s.s.web.DefaultSecurityFilterChain.<init>:55 - Will secure any request with [org.springframework.security.web.session.DisableEncodeUrlFilter@6af71241, org.springframework.security.web.context.request.async.WebAsyncManagerIntegrationFilter@30b47729, org.springframework.security.web.context.SecurityContextPersistenceFilter@5ea6d578, org.springframework.security.web.header.HeaderWriterFilter@4745f81, org.springframework.web.filter.CorsFilter@4f2a6f77, com.example.spring1.security.JwtAuthenticationFilter@1099d68e, org.springframework.security.web.savedrequest.RequestCacheAwareFilter@72535f28, org.springframework.security.web.servletapi.SecurityContextHolderAwareRequestFilter@54fd8eb4, org.springframework.security.web.authentication.AnonymousAuthenticationFilter@8569e7a, org.springframework.security.web.session.SessionManagementFilter@7d7e2bfc, org.springframework.security.web.access.ExceptionTranslationFilter@511fb8dc, org.springframework.security.web.access.intercept.FilterSecurityInterceptor@77661bab]
2026-04-13 13:58:38 [restartedMain] WARN  o.s.b.a.o.j.JpaBaseConfiguration$JpaWebConfiguration.openEntityManagerInViewInterceptor:219 - spring.jpa.open-in-view is enabled by default. Therefore, database queries may be performed during view rendering. Explicitly configure spring.jpa.open-in-view to disable this warning
2026-04-13 13:58:38 [restartedMain] INFO  o.s.b.a.w.s.WelcomePageHandlerMapping.<init>:53 - Adding welcome page: class path resource [static/index.html]
2026-04-13 13:58:39 [restartedMain] INFO  o.s.b.d.a.OptionalLiveReloadServer.startServer:59 - LiveReload server is running on port 35729
2026-04-13 13:58:39 [restartedMain] INFO  o.a.coyote.http11.Http11NioProtocol.log:173 - Starting ProtocolHandler ["http-nio-8080"]
2026-04-13 13:58:39 [restartedMain] INFO  o.s.b.w.e.tomcat.TomcatWebServer.start:220 - Tomcat started on port(s): 8080 (http) with context path '/api'
2026-04-13 13:58:39 [restartedMain] INFO  c.example.spring1.Spring1Application.logStarted:61 - Started Spring1Application in 0.798 seconds (JVM running for 1249.0)
2026-04-13 13:58:39 [restartedMain] INFO  o.s.b.d.a.ConditionEvaluationDeltaLoggingListener.onApplicationEvent:58 - Condition evaluation delta:


==========================
CONDITION EVALUATION DELTA
==========================


Positive matches:
-----------------

    None


Negative matches:
-----------------

   SpringBootWebSecurityConfiguration.SecurityFilterChainConfiguration:
      Did not match:
         - AllNestedConditions 1 matched 1 did not; NestedCondition on DefaultWebSecurityCondition.Beans @ConditionalOnMissingBean (types: org.springframework.security.config.annotation.web.configuration.WebSecurityConfigurerAdapter,org.springframework.security.web.SecurityFilterChain; SearchStrategy: all) found beans of type 'org.springframework.security.web.SecurityFilterChain' securityFilterChain; NestedCondition on DefaultWebSecurityCondition.Classes @ConditionalOnClass found required classes 'org.springframework.security.web.SecurityFilterChain', 'org.springframework.security.config.annotation.web.builders.HttpSecurity' (DefaultWebSecurityCondition)

   SpringBootWebSecurityConfiguration.WebSecurityEnablerConfiguration:
      Did not match:
         - @ConditionalOnMissingBean (names: springSecurityFilterChain; SearchStrategy: all) found beans named springSecurityFilterChain (OnBeanCondition)
      Matched:
         - @ConditionalOnClass found required class 'org.springframework.security.config.annotation.web.configuration.EnableWebSecurity' (OnClassCondition)


Exclusions:
-----------

    None


Unconditional classes:
----------------------

    None



2026-04-13 13:59:19 [File Watcher] INFO  o.s.b.d.a.LocalDevToolsAutoConfiguration$RestartingClassPathChangeChangedEventListener.onApplicationEvent:213 - Restarting due to 2 class path changes (0 additions, 2 deletions, 0 modifications)
2026-04-13 13:59:19 [Thread-59] INFO  o.a.coyote.http11.Http11NioProtocol.log:173 - Pausing ProtocolHandler ["http-nio-8080"]
2026-04-13 13:59:19 [Thread-59] INFO  o.a.catalina.core.StandardService.log:173 - Stopping service [Tomcat]
2026-04-13 13:59:19 [Thread-59] INFO  o.a.coyote.http11.Http11NioProtocol.log:173 - Stopping ProtocolHandler ["http-nio-8080"]
2026-04-13 13:59:19 [Thread-59] INFO  o.a.coyote.http11.Http11NioProtocol.log:173 - Destroying ProtocolHandler ["http-nio-8080"]
2026-04-13 13:59:19 [Thread-59] INFO  o.s.o.j.LocalContainerEntityManagerFactoryBean.destroy:651 - Closing JPA EntityManagerFactory for persistence unit 'default'
2026-04-13 13:59:19 [Thread-59] INFO  com.zaxxer.hikari.HikariDataSource.close:350 - HikariPool-13 - Shutdown initiated...
2026-04-13 13:59:19 [Thread-59] INFO  com.zaxxer.hikari.HikariDataSource.close:352 - HikariPool-13 - Shutdown completed.
2026-04-13 13:59:25 [restartedMain] INFO  c.example.spring1.Spring1Application.logStarting:55 - Starting Spring1Application using Java 1.8.0_202 on arkts开发 with PID 35052 (D:\Project\java-project\blog-demo\target\classes started by USER in D:\Project\java-project\blog-demo)
2026-04-13 13:59:25 [restartedMain] DEBUG c.example.spring1.Spring1Application.logStarting:56 - Running with Spring Boot v2.7.6, Spring v5.3.24
2026-04-13 13:59:25 [restartedMain] INFO  c.example.spring1.Spring1Application.logStartupProfileInfo:637 - The following 1 profile is active: "dev"
2026-04-13 13:59:25 [restartedMain] INFO  o.s.b.d.e.DevToolsPropertyDefaultsPostProcessor.logTo:255 - Devtools property defaults active! Set 'spring.devtools.add-properties' to 'false' to disable
2026-04-13 13:59:25 [restartedMain] INFO  o.s.b.d.e.DevToolsPropertyDefaultsPostProcessor.logTo:255 - For additional web related logging consider setting the 'logging.level.web' property to 'DEBUG'
2026-04-13 13:59:25 [restartedMain] INFO  o.s.d.r.c.RepositoryConfigurationDelegate.registerRepositoriesIn:132 - Bootstrapping Spring Data JPA repositories in DEFAULT mode.
2026-04-13 13:59:25 [restartedMain] INFO  o.s.d.r.c.RepositoryConfigurationDelegate.registerRepositoriesIn:201 - Finished Spring Data repository scanning in 34 ms. Found 2 JPA repository interfaces.
2026-04-13 13:59:26 [restartedMain] INFO  o.s.b.w.e.tomcat.TomcatWebServer.initialize:108 - Tomcat initialized with port(s): 8080 (http)
2026-04-13 13:59:26 [restartedMain] INFO  o.a.coyote.http11.Http11NioProtocol.log:173 - Initializing ProtocolHandler ["http-nio-8080"]
2026-04-13 13:59:26 [restartedMain] INFO  o.a.catalina.core.StandardService.log:173 - Starting service [Tomcat]
2026-04-13 13:59:26 [restartedMain] INFO  o.a.catalina.core.StandardEngine.log:173 - Starting Servlet engine: [Apache Tomcat/9.0.69]
2026-04-13 13:59:26 [restartedMain] INFO  o.a.c.c.C.[.[localhost].[/api].log:173 - Initializing Spring embedded WebApplicationContext
2026-04-13 13:59:26 [restartedMain] INFO  o.s.b.w.s.c.ServletWebServerApplicationContext.prepareWebApplicationContext:292 - Root WebApplicationContext: initialization completed in 918 ms
2026-04-13 13:59:26 [restartedMain] DEBUG c.e.s.s.JwtAuthenticationFilter.init:242 - Filter 'jwtAuthenticationFilter' configured for use
2026-04-13 13:59:26 [restartedMain] INFO  com.zaxxer.hikari.HikariDataSource.getConnection:110 - HikariPool-1 - Starting...
2026-04-13 13:59:26 [restartedMain] INFO  com.zaxxer.hikari.HikariDataSource.getConnection:123 - HikariPool-1 - Start completed.
2026-04-13 13:59:26 [restartedMain] INFO  o.s.o.j.LocalContainerEntityManagerFactoryBean.buildNativeEntityManagerFactory:437 - Initialized JPA EntityManagerFactory for persistence unit 'default'
2026-04-13 13:59:27 [restartedMain] INFO  o.s.s.web.DefaultSecurityFilterChain.<init>:55 - Will secure any request with [org.springframework.security.web.session.DisableEncodeUrlFilter@636fd4ab, org.springframework.security.web.context.request.async.WebAsyncManagerIntegrationFilter@2fb26883, org.springframework.security.web.context.SecurityContextPersistenceFilter@5fae1e9f, org.springframework.security.web.header.HeaderWriterFilter@4d63b355, org.springframework.web.filter.CorsFilter@75d04d38, com.example.spring1.security.JwtAuthenticationFilter@20b837b0, org.springframework.security.web.savedrequest.RequestCacheAwareFilter@52d13ffc, org.springframework.security.web.servletapi.SecurityContextHolderAwareRequestFilter@2e4844f3, org.springframework.security.web.authentication.AnonymousAuthenticationFilter@19043bd5, org.springframework.security.web.session.SessionManagementFilter@46c1507f, org.springframework.security.web.access.ExceptionTranslationFilter@6561342f, org.springframework.security.web.access.intercept.FilterSecurityInterceptor@d829b41]
2026-04-13 13:59:27 [restartedMain] WARN  o.s.b.a.o.j.JpaBaseConfiguration$JpaWebConfiguration.openEntityManagerInViewInterceptor:219 - spring.jpa.open-in-view is enabled by default. Therefore, database queries may be performed during view rendering. Explicitly configure spring.jpa.open-in-view to disable this warning
2026-04-13 13:59:27 [restartedMain] INFO  o.s.b.a.w.s.WelcomePageHandlerMapping.<init>:53 - Adding welcome page: class path resource [static/index.html]
2026-04-13 13:59:27 [restartedMain] INFO  o.s.b.d.a.OptionalLiveReloadServer.startServer:59 - LiveReload server is running on port 35729
2026-04-13 13:59:27 [restartedMain] INFO  o.a.coyote.http11.Http11NioProtocol.log:173 - Starting ProtocolHandler ["http-nio-8080"]
2026-04-13 13:59:27 [restartedMain] INFO  o.s.b.w.e.tomcat.TomcatWebServer.start:220 - Tomcat started on port(s): 8080 (http) with context path '/api'
2026-04-13 13:59:27 [restartedMain] INFO  c.example.spring1.Spring1Application.logStarted:61 - Started Spring1Application in 2.835 seconds (JVM running for 3.602)
2026-04-13 13:59:32 [http-nio-8080-exec-1] INFO  o.a.c.c.C.[.[localhost].[/api].log:173 - Initializing Spring DispatcherServlet 'dispatcherServlet'
2026-04-13 13:59:32 [http-nio-8080-exec-1] INFO  o.s.web.servlet.DispatcherServlet.initServletBean:525 - Initializing Servlet 'dispatcherServlet'
2026-04-13 13:59:32 [http-nio-8080-exec-1] INFO  o.s.web.servlet.DispatcherServlet.initServletBean:547 - Completed initialization in 1 ms
2026-04-13 14:07:36 [http-nio-8080-exec-10] INFO  c.e.spring1.service.AuthService.sendForgotCode:127 - [忘记密码] 邮箱 m17710499106_1@163.com 验证码（开发环境打印，生产请改邮件发送）: 777188
2026-04-13 14:09:10 [http-nio-8080-exec-3] WARN  o.s.w.s.m.m.a.ExceptionHandlerExceptionResolver.logException:208 - Resolved [com.example.spring1.common.BusinessException: 验证码错误]
2026-04-13 14:21:36 [http-nio-8080-exec-5] WARN  o.s.w.s.m.m.a.ExceptionHandlerExceptionResolver.logException:208 - Resolved [com.example.spring1.common.BusinessException: 密码错误]
2026-04-13 14:30:25 [File Watcher] INFO  o.s.b.d.a.LocalDevToolsAutoConfiguration$RestartingClassPathChangeChangedEventListener.onApplicationEvent:213 - Restarting due to 8 class path changes (0 additions, 7 deletions, 1 modification)
2026-04-13 14:30:26 [Thread-10] INFO  o.a.coyote.http11.Http11NioProtocol.log:173 - Pausing ProtocolHandler ["http-nio-8080"]
2026-04-13 14:30:26 [Thread-10] INFO  o.a.catalina.core.StandardService.log:173 - Stopping service [Tomcat]
2026-04-13 14:30:26 [Thread-10] INFO  o.a.c.c.C.[.[localhost].[/api].log:173 - Destroying Spring FrameworkServlet 'dispatcherServlet'
2026-04-13 14:30:26 [Thread-10] INFO  o.a.coyote.http11.Http11NioProtocol.log:173 - Stopping ProtocolHandler ["http-nio-8080"]
2026-04-13 14:30:26 [Thread-10] INFO  o.a.coyote.http11.Http11NioProtocol.log:173 - Destroying ProtocolHandler ["http-nio-8080"]
2026-04-13 14:30:26 [Thread-10] INFO  o.s.o.j.LocalContainerEntityManagerFactoryBean.destroy:651 - Closing JPA EntityManagerFactory for persistence unit 'default'
2026-04-13 14:30:26 [Thread-10] INFO  com.zaxxer.hikari.HikariDataSource.close:350 - HikariPool-1 - Shutdown initiated...
2026-04-13 14:30:26 [Thread-10] INFO  com.zaxxer.hikari.HikariDataSource.close:352 - HikariPool-1 - Shutdown completed.
2026-04-13 14:30:26 [restartedMain] INFO  c.example.spring1.Spring1Application.logStarting:55 - Starting Spring1Application using Java 1.8.0_202 on arkts开发 with PID 35052 (D:\Project\java-project\blog-demo\target\classes started by USER in D:\Project\java-project\blog-demo)
2026-04-13 14:30:26 [restartedMain] DEBUG c.example.spring1.Spring1Application.logStarting:56 - Running with Spring Boot v2.7.6, Spring v5.3.24
2026-04-13 14:30:26 [restartedMain] INFO  c.example.spring1.Spring1Application.logStartupProfileInfo:637 - The following 1 profile is active: "dev"
2026-04-13 14:30:26 [restartedMain] INFO  o.s.d.r.c.RepositoryConfigurationDelegate.registerRepositoriesIn:132 - Bootstrapping Spring Data JPA repositories in DEFAULT mode.
2026-04-13 14:30:26 [restartedMain] WARN  o.s.b.w.s.c.AnnotationConfigServletWebServerApplicationContext.refresh:591 - Exception encountered during context initialization - cancelling refresh attempt: org.springframework.beans.factory.BeanDefinitionStoreException: Failed to read candidate component class: file [D:\Project\java-project\blog-demo\target\classes\com\example\spring1\service\AuthService.class]; nested exception is java.lang.ArrayIndexOutOfBoundsException: 6
2026-04-13 14:30:26 [restartedMain] INFO  o.s.b.a.l.ConditionEvaluationReportLoggingListener.logMessage:136 - 

Error starting ApplicationContext. To display the conditions report re-run your application with 'debug' enabled.
2026-04-13 14:30:26 [restartedMain] ERROR o.s.boot.SpringApplication.reportFailure:821 - Application run failed
org.springframework.beans.factory.BeanDefinitionStoreException: Failed to read candidate component class: file [D:\Project\java-project\blog-demo\target\classes\com\example\spring1\service\AuthService.class]; nested exception is java.lang.ArrayIndexOutOfBoundsException: 6
	at org.springframework.context.annotation.ClassPathScanningCandidateComponentProvider.scanCandidateComponents(ClassPathScanningCandidateComponentProvider.java:457)
	at org.springframework.context.annotation.ClassPathScanningCandidateComponentProvider.findCandidateComponents(ClassPathScanningCandidateComponentProvider.java:316)
	at org.springframework.data.repository.config.RepositoryComponentProvider.findCandidateComponents(RepositoryComponentProvider.java:123)
	at org.springframework.data.repository.config.RepositoryConfigurationSourceSupport.lambda$null$1(RepositoryConfigurationSourceSupport.java:80)
	at java.util.stream.ReferencePipeline$7$1.accept(ReferencePipeline.java:267)
	at java.util.Spliterators$IteratorSpliterator.tryAdvance(Spliterators.java:1812)
	at java.util.stream.StreamSpliterators$WrappingSpliterator.lambda$initPartialTraversalState$0(StreamSpliterators.java:294)
	at java.util.stream.StreamSpliterators$AbstractWrappingSpliterator.fillBuffer(StreamSpliterators.java:206)
	at java.util.stream.StreamSpliterators$AbstractWrappingSpliterator.doAdvance(StreamSpliterators.java:161)
	at java.util.stream.StreamSpliterators$WrappingSpliterator.tryAdvance(StreamSpliterators.java:300)
	at java.util.Spliterators$1Adapter.hasNext(Spliterators.java:681)
	at org.springframework.data.repository.config.RepositoryConfigurationExtensionSupport.getRepositoryConfigurations(RepositoryConfigurationExtensionSupport.java:93)
	at org.springframework.data.repository.config.RepositoryConfigurationDelegate.registerRepositoriesIn(RepositoryConfigurationDelegate.java:159)
	at org.springframework.boot.autoconfigure.data.AbstractRepositoryConfigurationSourceSupport.registerBeanDefinitions(AbstractRepositoryConfigurationSourceSupport.java:62)
	at org.springframework.context.annotation.ConfigurationClassBeanDefinitionReader.lambda$loadBeanDefinitionsFromRegistrars$1(ConfigurationClassBeanDefinitionReader.java:396)
	at java.util.LinkedHashMap.forEach(LinkedHashMap.java:684)
	at org.springframework.context.annotation.ConfigurationClassBeanDefinitionReader.loadBeanDefinitionsFromRegistrars(ConfigurationClassBeanDefinitionReader.java:395)
	at org.springframework.context.annotation.ConfigurationClassBeanDefinitionReader.loadBeanDefinitionsForConfigurationClass(ConfigurationClassBeanDefinitionReader.java:157)
	at org.springframework.context.annotation.ConfigurationClassBeanDefinitionReader.loadBeanDefinitions(ConfigurationClassBeanDefinitionReader.java:129)
	at org.springframework.context.annotation.ConfigurationClassPostProcessor.processConfigBeanDefinitions(ConfigurationClassPostProcessor.java:343)
	at org.springframework.context.annotation.ConfigurationClassPostProcessor.postProcessBeanDefinitionRegistry(ConfigurationClassPostProcessor.java:247)
	at org.springframework.context.support.PostProcessorRegistrationDelegate.invokeBeanDefinitionRegistryPostProcessors(PostProcessorRegistrationDelegate.java:311)
	at org.springframework.context.support.PostProcessorRegistrationDelegate.invokeBeanFactoryPostProcessors(PostProcessorRegistrationDelegate.java:112)
	at org.springframework.context.support.AbstractApplicationContext.invokeBeanFactoryPostProcessors(AbstractApplicationContext.java:746)
	at org.springframework.context.support.AbstractApplicationContext.refresh(AbstractApplicationContext.java:564)
	at org.springframework.boot.web.servlet.context.ServletWebServerApplicationContext.refresh(ServletWebServerApplicationContext.java:147)
	at org.springframework.boot.SpringApplication.refresh(SpringApplication.java:731)
	at org.springframework.boot.SpringApplication.refreshContext(SpringApplication.java:408)
	at org.springframework.boot.SpringApplication.run(SpringApplication.java:307)
	at org.springframework.boot.SpringApplication.run(SpringApplication.java:1303)
	at org.springframework.boot.SpringApplication.run(SpringApplication.java:1292)
	at com.example.spring1.Spring1Application.main(Spring1Application.java:10)
	at sun.reflect.NativeMethodAccessorImpl.invoke0(Native Method)
	at sun.reflect.NativeMethodAccessorImpl.invoke(NativeMethodAccessorImpl.java:62)
	at sun.reflect.DelegatingMethodAccessorImpl.invoke(DelegatingMethodAccessorImpl.java:43)
	at java.lang.reflect.Method.invoke(Method.java:498)
	at org.springframework.boot.devtools.restart.RestartLauncher.run(RestartLauncher.java:49)
Caused by: java.lang.ArrayIndexOutOfBoundsException: 6
	at org.springframework.asm.ClassReader.readShort(ClassReader.java:3614)
	at org.springframework.asm.ClassReader.<init>(ClassReader.java:197)
	at org.springframework.asm.ClassReader.<init>(ClassReader.java:180)
	at org.springframework.asm.ClassReader.<init>(ClassReader.java:166)
	at org.springframework.asm.ClassReader.<init>(ClassReader.java:287)
	at org.springframework.core.type.classreading.SimpleMetadataReader.getClassReader(SimpleMetadataReader.java:57)
	at org.springframework.core.type.classreading.SimpleMetadataReader.<init>(SimpleMetadataReader.java:48)
	at org.springframework.core.type.classreading.SimpleMetadataReaderFactory.getMetadataReader(SimpleMetadataReaderFactory.java:103)
	at org.springframework.core.type.classreading.CachingMetadataReaderFactory.getMetadataReader(CachingMetadataReaderFactory.java:123)
	at org.springframework.context.annotation.ClassPathScanningCandidateComponentProvider.scanCandidateComponents(ClassPathScanningCandidateComponentProvider.java:429)
	... 36 common frames omitted
2026-04-13 14:30:28 [restartedMain] INFO  c.example.spring1.Spring1Application.logStarting:55 - Starting Spring1Application using Java 1.8.0_202 on arkts开发 with PID 35052 (D:\Project\java-project\blog-demo\target\classes started by USER in D:\Project\java-project\blog-demo)
2026-04-13 14:30:28 [restartedMain] DEBUG c.example.spring1.Spring1Application.logStarting:56 - Running with Spring Boot v2.7.6, Spring v5.3.24
2026-04-13 14:30:28 [restartedMain] INFO  c.example.spring1.Spring1Application.logStartupProfileInfo:637 - The following 1 profile is active: "dev"
2026-04-13 14:30:28 [restartedMain] INFO  o.s.d.r.c.RepositoryConfigurationDelegate.registerRepositoriesIn:132 - Bootstrapping Spring Data JPA repositories in DEFAULT mode.
2026-04-13 14:30:28 [restartedMain] INFO  o.s.d.r.c.RepositoryConfigurationDelegate.registerRepositoriesIn:201 - Finished Spring Data repository scanning in 15 ms. Found 2 JPA repository interfaces.
2026-04-13 14:30:28 [restartedMain] INFO  o.s.b.w.e.tomcat.TomcatWebServer.initialize:108 - Tomcat initialized with port(s): 8080 (http)
2026-04-13 14:30:28 [restartedMain] INFO  o.a.coyote.http11.Http11NioProtocol.log:173 - Initializing ProtocolHandler ["http-nio-8080"]
2026-04-13 14:30:28 [restartedMain] INFO  o.a.catalina.core.StandardService.log:173 - Starting service [Tomcat]
2026-04-13 14:30:28 [restartedMain] INFO  o.a.catalina.core.StandardEngine.log:173 - Starting Servlet engine: [Apache Tomcat/9.0.69]
2026-04-13 14:30:28 [restartedMain] INFO  o.a.c.c.C.[.[localhost].[/api].log:173 - Initializing Spring embedded WebApplicationContext
2026-04-13 14:30:28 [restartedMain] INFO  o.s.b.w.s.c.ServletWebServerApplicationContext.prepareWebApplicationContext:292 - Root WebApplicationContext: initialization completed in 545 ms
2026-04-13 14:30:28 [restartedMain] INFO  com.zaxxer.hikari.HikariDataSource.getConnection:110 - HikariPool-2 - Starting...
2026-04-13 14:30:28 [restartedMain] INFO  com.zaxxer.hikari.HikariDataSource.getConnection:123 - HikariPool-2 - Start completed.
2026-04-13 14:30:28 [restartedMain] INFO  o.s.o.j.LocalContainerEntityManagerFactoryBean.buildNativeEntityManagerFactory:437 - Initialized JPA EntityManagerFactory for persistence unit 'default'
2026-04-13 14:30:28 [restartedMain] WARN  o.s.b.a.o.j.JpaBaseConfiguration$JpaWebConfiguration.openEntityManagerInViewInterceptor:219 - spring.jpa.open-in-view is enabled by default. Therefore, database queries may be performed during view rendering. Explicitly configure spring.jpa.open-in-view to disable this warning
2026-04-13 14:30:28 [restartedMain] INFO  o.s.b.a.w.s.WelcomePageHandlerMapping.<init>:53 - Adding welcome page: class path resource [static/index.html]
2026-04-13 14:30:29 [restartedMain] INFO  o.s.s.web.DefaultSecurityFilterChain.<init>:55 - Will secure any request with [org.springframework.security.web.session.DisableEncodeUrlFilter@5de1c3dd, org.springframework.security.web.context.request.async.WebAsyncManagerIntegrationFilter@58a967a6, org.springframework.security.web.context.SecurityContextPersistenceFilter@45fc7237, org.springframework.security.web.header.HeaderWriterFilter@505e718b, org.springframework.security.web.csrf.CsrfFilter@42b165b0, org.springframework.security.web.authentication.logout.LogoutFilter@6eb57d49, org.springframework.security.web.authentication.UsernamePasswordAuthenticationFilter@1f442e49, org.springframework.security.web.authentication.ui.DefaultLoginPageGeneratingFilter@707d90ba, org.springframework.security.web.authentication.ui.DefaultLogoutPageGeneratingFilter@39c7651f, org.springframework.security.web.authentication.www.BasicAuthenticationFilter@13be463a, org.springframework.security.web.savedrequest.RequestCacheAwareFilter@12d0c809, org.springframework.security.web.servletapi.SecurityContextHolderAwareRequestFilter@31a121f1, org.springframework.security.web.authentication.AnonymousAuthenticationFilter@2c512d38, org.springframework.security.web.session.SessionManagementFilter@190b02d5, org.springframework.security.web.access.ExceptionTranslationFilter@5fb11958, org.springframework.security.web.access.intercept.FilterSecurityInterceptor@13c9f9cf]
2026-04-13 14:30:29 [restartedMain] INFO  o.s.b.d.a.OptionalLiveReloadServer.startServer:59 - LiveReload server is running on port 35729
2026-04-13 14:30:29 [restartedMain] INFO  o.a.coyote.http11.Http11NioProtocol.log:173 - Starting ProtocolHandler ["http-nio-8080"]
2026-04-13 14:30:29 [restartedMain] INFO  o.s.b.w.e.tomcat.TomcatWebServer.start:220 - Tomcat started on port(s): 8080 (http) with context path '/api'
2026-04-13 14:30:29 [restartedMain] INFO  c.example.spring1.Spring1Application.logStarted:61 - Started Spring1Application in 1.279 seconds (JVM running for 1865.087)
2026-04-13 14:30:29 [restartedMain] INFO  o.s.b.d.a.ConditionEvaluationDeltaLoggingListener.onApplicationEvent:58 - Condition evaluation delta:


==========================
CONDITION EVALUATION DELTA
==========================


Positive matches:
-----------------

   SpringBootWebSecurityConfiguration.SecurityFilterChainConfiguration matched:
      - AllNestedConditions 2 matched 0 did not; NestedCondition on DefaultWebSecurityCondition.Beans @ConditionalOnMissingBean (types: org.springframework.security.config.annotation.web.configuration.WebSecurityConfigurerAdapter,org.springframework.security.web.SecurityFilterChain; SearchStrategy: all) did not find any beans; NestedCondition on DefaultWebSecurityCondition.Classes @ConditionalOnClass found required classes 'org.springframework.security.web.SecurityFilterChain', 'org.springframework.security.config.annotation.web.builders.HttpSecurity' (DefaultWebSecurityCondition)

   SpringBootWebSecurityConfiguration.WebSecurityEnablerConfiguration matched:
      - @ConditionalOnClass found required class 'org.springframework.security.config.annotation.web.configuration.EnableWebSecurity' (OnClassCondition)
      - @ConditionalOnMissingBean (names: springSecurityFilterChain; SearchStrategy: all) did not find any beans (OnBeanCondition)


Negative matches:
-----------------

    None


Exclusions:
-----------

    None


Unconditional classes:
----------------------

    None



2026-04-13 14:30:39 [File Watcher] INFO  o.s.b.d.a.LocalDevToolsAutoConfiguration$RestartingClassPathChangeChangedEventListener.onApplicationEvent:213 - Restarting due to 7 class path changes (0 additions, 7 deletions, 0 modifications)
2026-04-13 14:30:40 [Thread-16] INFO  o.a.coyote.http11.Http11NioProtocol.log:173 - Pausing ProtocolHandler ["http-nio-8080"]
2026-04-13 14:30:40 [Thread-16] INFO  o.a.catalina.core.StandardService.log:173 - Stopping service [Tomcat]
2026-04-13 14:30:40 [Thread-16] INFO  o.a.coyote.http11.Http11NioProtocol.log:173 - Stopping ProtocolHandler ["http-nio-8080"]
2026-04-13 14:30:40 [Thread-16] INFO  o.a.coyote.http11.Http11NioProtocol.log:173 - Destroying ProtocolHandler ["http-nio-8080"]
2026-04-13 14:30:40 [Thread-16] INFO  o.s.o.j.LocalContainerEntityManagerFactoryBean.destroy:651 - Closing JPA EntityManagerFactory for persistence unit 'default'
2026-04-13 14:30:40 [Thread-16] INFO  com.zaxxer.hikari.HikariDataSource.close:350 - HikariPool-2 - Shutdown initiated...
2026-04-13 14:30:40 [Thread-16] INFO  com.zaxxer.hikari.HikariDataSource.close:352 - HikariPool-2 - Shutdown completed.
2026-04-13 14:30:40 [restartedMain] INFO  c.example.spring1.Spring1Application.logStarting:55 - Starting Spring1Application using Java 1.8.0_202 on arkts开发 with PID 35052 (D:\Project\java-project\blog-demo\target\classes started by USER in D:\Project\java-project\blog-demo)
2026-04-13 14:30:40 [restartedMain] DEBUG c.example.spring1.Spring1Application.logStarting:56 - Running with Spring Boot v2.7.6, Spring v5.3.24
2026-04-13 14:30:40 [restartedMain] INFO  c.example.spring1.Spring1Application.logStartupProfileInfo:637 - The following 1 profile is active: "dev"
2026-04-13 14:30:40 [restartedMain] INFO  o.s.d.r.c.RepositoryConfigurationDelegate.registerRepositoriesIn:132 - Bootstrapping Spring Data JPA repositories in DEFAULT mode.
2026-04-13 14:30:40 [restartedMain] INFO  o.s.d.r.c.RepositoryConfigurationDelegate.registerRepositoriesIn:201 - Finished Spring Data repository scanning in 5 ms. Found 1 JPA repository interfaces.
2026-04-13 14:30:40 [restartedMain] WARN  o.s.b.w.s.c.AnnotationConfigServletWebServerApplicationContext.refresh:591 - Exception encountered during context initialization - cancelling refresh attempt: org.springframework.beans.factory.CannotLoadBeanClassException: Cannot find class [com.example.spring1.common.GlobalExceptionHandler] for bean with name 'globalExceptionHandler' defined in file [D:\Project\java-project\blog-demo\target\classes\com\example\spring1\common\GlobalExceptionHandler.class]; nested exception is java.lang.ClassNotFoundException: com.example.spring1.common.GlobalExceptionHandler
2026-04-13 14:30:40 [restartedMain] INFO  o.s.b.a.l.ConditionEvaluationReportLoggingListener.logMessage:136 - 

Error starting ApplicationContext. To display the conditions report re-run your application with 'debug' enabled.
2026-04-13 14:30:40 [restartedMain] ERROR o.s.boot.SpringApplication.reportFailure:821 - Application run failed
org.springframework.beans.factory.CannotLoadBeanClassException: Cannot find class [com.example.spring1.common.GlobalExceptionHandler] for bean with name 'globalExceptionHandler' defined in file [D:\Project\java-project\blog-demo\target\classes\com\example\spring1\common\GlobalExceptionHandler.class]; nested exception is java.lang.ClassNotFoundException: com.example.spring1.common.GlobalExceptionHandler
	at org.springframework.beans.factory.support.AbstractBeanFactory.resolveBeanClass(AbstractBeanFactory.java:1556)
	at org.springframework.beans.factory.support.AbstractAutowireCapableBeanFactory.determineTargetType(AbstractAutowireCapableBeanFactory.java:704)
	at org.springframework.beans.factory.support.AbstractAutowireCapableBeanFactory.predictBeanType(AbstractAutowireCapableBeanFactory.java:674)
	at org.springframework.beans.factory.support.AbstractBeanFactory.getType(AbstractBeanFactory.java:722)
	at org.springframework.beans.factory.support.DefaultListableBeanFactory.findMergedAnnotationOnBean(DefaultListableBeanFactory.java:751)
	at org.springframework.beans.factory.support.DefaultListableBeanFactory.findAnnotationOnBean(DefaultListableBeanFactory.java:744)
	at org.springframework.boot.sql.init.dependency.AnnotationDependsOnDatabaseInitializationDetector.detect(AnnotationDependsOnDatabaseInitializationDetector.java:36)
	at org.springframework.boot.sql.init.dependency.DatabaseInitializationDependencyConfigurer$DependsOnDatabaseInitializationPostProcessor.detectDependsOnInitializationBeanNames(DatabaseInitializationDependencyConfigurer.java:148)
	at org.springframework.boot.sql.init.dependency.DatabaseInitializationDependencyConfigurer$DependsOnDatabaseInitializationPostProcessor.postProcessBeanFactory(DatabaseInitializationDependencyConfigurer.java:111)
	at org.springframework.context.support.PostProcessorRegistrationDelegate.invokeBeanFactoryPostProcessors(PostProcessorRegistrationDelegate.java:325)
	at org.springframework.context.support.PostProcessorRegistrationDelegate.invokeBeanFactoryPostProcessors(PostProcessorRegistrationDelegate.java:191)
	at org.springframework.context.support.AbstractApplicationContext.invokeBeanFactoryPostProcessors(AbstractApplicationContext.java:746)
	at org.springframework.context.support.AbstractApplicationContext.refresh(AbstractApplicationContext.java:564)
	at org.springframework.boot.web.servlet.context.ServletWebServerApplicationContext.refresh(ServletWebServerApplicationContext.java:147)
	at org.springframework.boot.SpringApplication.refresh(SpringApplication.java:731)
	at org.springframework.boot.SpringApplication.refreshContext(SpringApplication.java:408)
	at org.springframework.boot.SpringApplication.run(SpringApplication.java:307)
	at org.springframework.boot.SpringApplication.run(SpringApplication.java:1303)
	at org.springframework.boot.SpringApplication.run(SpringApplication.java:1292)
	at com.example.spring1.Spring1Application.main(Spring1Application.java:10)
	at sun.reflect.NativeMethodAccessorImpl.invoke0(Native Method)
	at sun.reflect.NativeMethodAccessorImpl.invoke(NativeMethodAccessorImpl.java:62)
	at sun.reflect.DelegatingMethodAccessorImpl.invoke(DelegatingMethodAccessorImpl.java:43)
	at java.lang.reflect.Method.invoke(Method.java:498)
	at org.springframework.boot.devtools.restart.RestartLauncher.run(RestartLauncher.java:49)
Caused by: java.lang.ClassNotFoundException: com.example.spring1.common.GlobalExceptionHandler
	at java.net.URLClassLoader.findClass(URLClassLoader.java:382)
	at java.lang.ClassLoader.loadClass(ClassLoader.java:424)
	at sun.misc.Launcher$AppClassLoader.loadClass(Launcher.java:349)
	at java.lang.ClassLoader.loadClass(ClassLoader.java:357)
	at java.lang.Class.forName0(Native Method)
	at java.lang.Class.forName(Class.java:348)
	at org.springframework.boot.devtools.restart.classloader.RestartClassLoader.loadClass(RestartClassLoader.java:145)
	at java.lang.ClassLoader.loadClass(ClassLoader.java:357)
	at java.lang.Class.forName0(Native Method)
	at java.lang.Class.forName(Class.java:348)
	at org.springframework.util.ClassUtils.forName(ClassUtils.java:284)
	at org.springframework.beans.factory.support.AbstractBeanDefinition.resolveBeanClass(AbstractBeanDefinition.java:469)
	at org.springframework.beans.factory.support.AbstractBeanFactory.doResolveBeanClass(AbstractBeanFactory.java:1621)
	at org.springframework.beans.factory.support.AbstractBeanFactory.resolveBeanClass(AbstractBeanFactory.java:1548)
	... 24 common frames omitted
2026-04-13 14:30:42 [restartedMain] INFO  c.example.spring1.Spring1Application.logStarting:55 - Starting Spring1Application using Java 1.8.0_202 on arkts开发 with PID 35052 (D:\Project\java-project\blog-demo\target\classes started by USER in D:\Project\java-project\blog-demo)
2026-04-13 14:30:42 [restartedMain] DEBUG c.example.spring1.Spring1Application.logStarting:56 - Running with Spring Boot v2.7.6, Spring v5.3.24
2026-04-13 14:30:42 [restartedMain] INFO  c.example.spring1.Spring1Application.logStartupProfileInfo:637 - The following 1 profile is active: "dev"
2026-04-13 14:30:42 [restartedMain] INFO  o.s.d.r.c.RepositoryConfigurationDelegate.registerRepositoriesIn:132 - Bootstrapping Spring Data JPA repositories in DEFAULT mode.
2026-04-13 14:30:42 [restartedMain] INFO  o.s.d.r.c.RepositoryConfigurationDelegate.registerRepositoriesIn:201 - Finished Spring Data repository scanning in 8 ms. Found 1 JPA repository interfaces.
2026-04-13 14:30:42 [restartedMain] INFO  o.s.b.w.e.tomcat.TomcatWebServer.initialize:108 - Tomcat initialized with port(s): 8080 (http)
2026-04-13 14:30:42 [restartedMain] INFO  o.a.coyote.http11.Http11NioProtocol.log:173 - Initializing ProtocolHandler ["http-nio-8080"]
2026-04-13 14:30:42 [restartedMain] INFO  o.a.catalina.core.StandardService.log:173 - Starting service [Tomcat]
2026-04-13 14:30:42 [restartedMain] INFO  o.a.catalina.core.StandardEngine.log:173 - Starting Servlet engine: [Apache Tomcat/9.0.69]
2026-04-13 14:30:42 [restartedMain] INFO  o.a.c.c.C.[.[localhost].[/api].log:173 - Initializing Spring embedded WebApplicationContext
2026-04-13 14:30:42 [restartedMain] INFO  o.s.b.w.s.c.ServletWebServerApplicationContext.prepareWebApplicationContext:292 - Root WebApplicationContext: initialization completed in 298 ms
2026-04-13 14:30:42 [restartedMain] INFO  com.zaxxer.hikari.HikariDataSource.getConnection:110 - HikariPool-3 - Starting...
2026-04-13 14:30:42 [restartedMain] INFO  com.zaxxer.hikari.HikariDataSource.getConnection:123 - HikariPool-3 - Start completed.
2026-04-13 14:30:42 [restartedMain] INFO  o.s.o.j.LocalContainerEntityManagerFactoryBean.buildNativeEntityManagerFactory:437 - Initialized JPA EntityManagerFactory for persistence unit 'default'
2026-04-13 14:30:42 [restartedMain] WARN  o.s.b.w.s.c.AnnotationConfigServletWebServerApplicationContext.refresh:591 - Exception encountered during context initialization - cancelling refresh attempt: org.springframework.beans.factory.BeanCreationException: Error creating bean with name 'authController' defined in file [D:\Project\java-project\blog-demo\target\classes\com\example\spring1\controller\AuthController.class]: Post-processing of merged bean definition failed; nested exception is java.lang.IllegalStateException: Failed to introspect Class [com.example.spring1.controller.AuthController] from ClassLoader [org.springframework.boot.devtools.restart.classloader.RestartClassLoader@1dd8282e]
2026-04-13 14:30:42 [restartedMain] INFO  o.s.o.j.LocalContainerEntityManagerFactoryBean.destroy:651 - Closing JPA EntityManagerFactory for persistence unit 'default'
2026-04-13 14:30:42 [restartedMain] INFO  com.zaxxer.hikari.HikariDataSource.close:350 - HikariPool-3 - Shutdown initiated...
2026-04-13 14:30:42 [restartedMain] INFO  com.zaxxer.hikari.HikariDataSource.close:352 - HikariPool-3 - Shutdown completed.
2026-04-13 14:30:42 [restartedMain] INFO  o.a.catalina.core.StandardService.log:173 - Stopping service [Tomcat]
2026-04-13 14:30:42 [restartedMain] INFO  o.s.b.a.l.ConditionEvaluationReportLoggingListener.logMessage:136 - 

Error starting ApplicationContext. To display the conditions report re-run your application with 'debug' enabled.
2026-04-13 14:30:42 [restartedMain] ERROR o.s.boot.SpringApplication.reportFailure:821 - Application run failed
org.springframework.beans.factory.BeanCreationException: Error creating bean with name 'authController' defined in file [D:\Project\java-project\blog-demo\target\classes\com\example\spring1\controller\AuthController.class]: Post-processing of merged bean definition failed; nested exception is java.lang.IllegalStateException: Failed to introspect Class [com.example.spring1.controller.AuthController] from ClassLoader [org.springframework.boot.devtools.restart.classloader.RestartClassLoader@1dd8282e]
	at org.springframework.beans.factory.support.AbstractAutowireCapableBeanFactory.doCreateBean(AbstractAutowireCapableBeanFactory.java:597)
	at org.springframework.beans.factory.support.AbstractAutowireCapableBeanFactory.createBean(AbstractAutowireCapableBeanFactory.java:542)
	at org.springframework.beans.factory.support.AbstractBeanFactory.lambda$doGetBean$0(AbstractBeanFactory.java:335)
	at org.springframework.beans.factory.support.DefaultSingletonBeanRegistry.getSingleton(DefaultSingletonBeanRegistry.java:234)
	at org.springframework.beans.factory.support.AbstractBeanFactory.doGetBean(AbstractBeanFactory.java:333)
	at org.springframework.beans.factory.support.AbstractBeanFactory.getBean(AbstractBeanFactory.java:208)
	at org.springframework.beans.factory.support.DefaultListableBeanFactory.preInstantiateSingletons(DefaultListableBeanFactory.java:955)
	at org.springframework.context.support.AbstractApplicationContext.finishBeanFactoryInitialization(AbstractApplicationContext.java:918)
	at org.springframework.context.support.AbstractApplicationContext.refresh(AbstractApplicationContext.java:583)
	at org.springframework.boot.web.servlet.context.ServletWebServerApplicationContext.refresh(ServletWebServerApplicationContext.java:147)
	at org.springframework.boot.SpringApplication.refresh(SpringApplication.java:731)
	at org.springframework.boot.SpringApplication.refreshContext(SpringApplication.java:408)
	at org.springframework.boot.SpringApplication.run(SpringApplication.java:307)
	at org.springframework.boot.SpringApplication.run(SpringApplication.java:1303)
	at org.springframework.boot.SpringApplication.run(SpringApplication.java:1292)
	at com.example.spring1.Spring1Application.main(Spring1Application.java:10)
	at sun.reflect.NativeMethodAccessorImpl.invoke0(Native Method)
	at sun.reflect.NativeMethodAccessorImpl.invoke(NativeMethodAccessorImpl.java:62)
	at sun.reflect.DelegatingMethodAccessorImpl.invoke(DelegatingMethodAccessorImpl.java:43)
	at java.lang.reflect.Method.invoke(Method.java:498)
	at org.springframework.boot.devtools.restart.RestartLauncher.run(RestartLauncher.java:49)
Caused by: java.lang.IllegalStateException: Failed to introspect Class [com.example.spring1.controller.AuthController] from ClassLoader [org.springframework.boot.devtools.restart.classloader.RestartClassLoader@1dd8282e]
	at org.springframework.util.ReflectionUtils.getDeclaredFields(ReflectionUtils.java:743)
	at org.springframework.util.ReflectionUtils.doWithLocalFields(ReflectionUtils.java:675)
	at org.springframework.orm.jpa.support.PersistenceAnnotationBeanPostProcessor.buildPersistenceMetadata(PersistenceAnnotationBeanPostProcessor.java:407)
	at org.springframework.orm.jpa.support.PersistenceAnnotationBeanPostProcessor.findPersistenceMetadata(PersistenceAnnotationBeanPostProcessor.java:388)
	at org.springframework.orm.jpa.support.PersistenceAnnotationBeanPostProcessor.postProcessMergedBeanDefinition(PersistenceAnnotationBeanPostProcessor.java:335)
	at org.springframework.beans.factory.support.AbstractAutowireCapableBeanFactory.applyMergedBeanDefinitionPostProcessors(AbstractAutowireCapableBeanFactory.java:1116)
	at org.springframework.beans.factory.support.AbstractAutowireCapableBeanFactory.doCreateBean(AbstractAutowireCapableBeanFactory.java:594)
	... 20 common frames omitted
Caused by: java.lang.NoClassDefFoundError: Lcom/example/spring1/service/AuthService;
	at java.lang.Class.getDeclaredFields0(Native Method)
	at java.lang.Class.privateGetDeclaredFields(Class.java:2583)
	at java.lang.Class.getDeclaredFields(Class.java:1916)
	at org.springframework.util.ReflectionUtils.getDeclaredFields(ReflectionUtils.java:738)
	... 26 common frames omitted
Caused by: java.lang.ClassNotFoundException: com.example.spring1.service.AuthService
	at java.net.URLClassLoader.findClass(URLClassLoader.java:382)
	at java.lang.ClassLoader.loadClass(ClassLoader.java:424)
	at sun.misc.Launcher$AppClassLoader.loadClass(Launcher.java:349)
	at java.lang.ClassLoader.loadClass(ClassLoader.java:357)
	at java.lang.Class.forName0(Native Method)
	at java.lang.Class.forName(Class.java:348)
	at org.springframework.boot.devtools.restart.classloader.RestartClassLoader.loadClass(RestartClassLoader.java:145)
	at java.lang.ClassLoader.loadClass(ClassLoader.java:357)
	... 30 common frames omitted
2026-04-13 14:30:44 [restartedMain] INFO  c.example.spring1.Spring1Application.logStarting:55 - Starting Spring1Application using Java 1.8.0_202 on arkts开发 with PID 35052 (D:\Project\java-project\blog-demo\target\classes started by USER in D:\Project\java-project\blog-demo)
2026-04-13 14:30:44 [restartedMain] DEBUG c.example.spring1.Spring1Application.logStarting:56 - Running with Spring Boot v2.7.6, Spring v5.3.24
2026-04-13 14:30:44 [restartedMain] INFO  c.example.spring1.Spring1Application.logStartupProfileInfo:637 - The following 1 profile is active: "dev"
2026-04-13 14:30:44 [restartedMain] INFO  o.s.d.r.c.RepositoryConfigurationDelegate.registerRepositoriesIn:132 - Bootstrapping Spring Data JPA repositories in DEFAULT mode.
2026-04-13 14:30:44 [restartedMain] INFO  o.s.d.r.c.RepositoryConfigurationDelegate.registerRepositoriesIn:201 - Finished Spring Data repository scanning in 8 ms. Found 2 JPA repository interfaces.
2026-04-13 14:30:44 [restartedMain] INFO  o.s.b.w.e.tomcat.TomcatWebServer.initialize:108 - Tomcat initialized with port(s): 8080 (http)
2026-04-13 14:30:44 [restartedMain] INFO  o.a.coyote.http11.Http11NioProtocol.log:173 - Initializing ProtocolHandler ["http-nio-8080"]
2026-04-13 14:30:44 [restartedMain] INFO  o.a.catalina.core.StandardService.log:173 - Starting service [Tomcat]
2026-04-13 14:30:44 [restartedMain] INFO  o.a.catalina.core.StandardEngine.log:173 - Starting Servlet engine: [Apache Tomcat/9.0.69]
2026-04-13 14:30:44 [restartedMain] INFO  o.a.c.c.C.[.[localhost].[/api].log:173 - Initializing Spring embedded WebApplicationContext
2026-04-13 14:30:44 [restartedMain] INFO  o.s.b.w.s.c.ServletWebServerApplicationContext.prepareWebApplicationContext:292 - Root WebApplicationContext: initialization completed in 326 ms
2026-04-13 14:30:44 [restartedMain] DEBUG c.e.s.s.JwtAuthenticationFilter.init:242 - Filter 'jwtAuthenticationFilter' configured for use
2026-04-13 14:30:44 [restartedMain] INFO  com.zaxxer.hikari.HikariDataSource.getConnection:110 - HikariPool-4 - Starting...
2026-04-13 14:30:44 [restartedMain] INFO  com.zaxxer.hikari.HikariDataSource.getConnection:123 - HikariPool-4 - Start completed.
2026-04-13 14:30:44 [restartedMain] INFO  o.s.o.j.LocalContainerEntityManagerFactoryBean.buildNativeEntityManagerFactory:437 - Initialized JPA EntityManagerFactory for persistence unit 'default'
2026-04-13 14:30:44 [restartedMain] INFO  o.s.s.web.DefaultSecurityFilterChain.<init>:55 - Will secure any request with [org.springframework.security.web.session.DisableEncodeUrlFilter@21a98154, org.springframework.security.web.context.request.async.WebAsyncManagerIntegrationFilter@29d736, org.springframework.security.web.context.SecurityContextPersistenceFilter@78343a62, org.springframework.security.web.header.HeaderWriterFilter@5f2ff0fa, org.springframework.web.filter.CorsFilter@7f21b418, com.example.spring1.security.JwtAuthenticationFilter@c06ce57, org.springframework.security.web.savedrequest.RequestCacheAwareFilter@3d70077f, org.springframework.security.web.servletapi.SecurityContextHolderAwareRequestFilter@1df8980b, org.springframework.security.web.authentication.AnonymousAuthenticationFilter@44c532af, org.springframework.security.web.session.SessionManagementFilter@43a28ae, org.springframework.security.web.access.ExceptionTranslationFilter@218e338, org.springframework.security.web.access.intercept.FilterSecurityInterceptor@602b6e95]
2026-04-13 14:30:44 [restartedMain] WARN  o.s.b.a.o.j.JpaBaseConfiguration$JpaWebConfiguration.openEntityManagerInViewInterceptor:219 - spring.jpa.open-in-view is enabled by default. Therefore, database queries may be performed during view rendering. Explicitly configure spring.jpa.open-in-view to disable this warning
2026-04-13 14:30:44 [restartedMain] INFO  o.s.b.a.w.s.WelcomePageHandlerMapping.<init>:53 - Adding welcome page: class path resource [static/index.html]
2026-04-13 14:30:45 [restartedMain] INFO  o.s.b.d.a.OptionalLiveReloadServer.startServer:59 - LiveReload server is running on port 35729
2026-04-13 14:30:45 [restartedMain] INFO  o.a.coyote.http11.Http11NioProtocol.log:173 - Starting ProtocolHandler ["http-nio-8080"]
2026-04-13 14:30:45 [restartedMain] INFO  o.s.b.w.e.tomcat.TomcatWebServer.start:220 - Tomcat started on port(s): 8080 (http) with context path '/api'
2026-04-13 14:30:45 [restartedMain] INFO  c.example.spring1.Spring1Application.logStarted:61 - Started Spring1Application in 0.736 seconds (JVM running for 1880.866)
2026-04-13 14:30:45 [restartedMain] INFO  o.s.b.d.a.ConditionEvaluationDeltaLoggingListener.onApplicationEvent:58 - Condition evaluation delta:


==========================
CONDITION EVALUATION DELTA
==========================


Positive matches:
-----------------

    None


Negative matches:
-----------------

   SpringBootWebSecurityConfiguration.SecurityFilterChainConfiguration:
      Did not match:
         - AllNestedConditions 1 matched 1 did not; NestedCondition on DefaultWebSecurityCondition.Beans @ConditionalOnMissingBean (types: org.springframework.security.config.annotation.web.configuration.WebSecurityConfigurerAdapter,org.springframework.security.web.SecurityFilterChain; SearchStrategy: all) found beans of type 'org.springframework.security.web.SecurityFilterChain' securityFilterChain; NestedCondition on DefaultWebSecurityCondition.Classes @ConditionalOnClass found required classes 'org.springframework.security.web.SecurityFilterChain', 'org.springframework.security.config.annotation.web.builders.HttpSecurity' (DefaultWebSecurityCondition)

   SpringBootWebSecurityConfiguration.WebSecurityEnablerConfiguration:
      Did not match:
         - @ConditionalOnMissingBean (names: springSecurityFilterChain; SearchStrategy: all) found beans named springSecurityFilterChain (OnBeanCondition)
      Matched:
         - @ConditionalOnClass found required class 'org.springframework.security.config.annotation.web.configuration.EnableWebSecurity' (OnClassCondition)


Exclusions:
-----------

    None


Unconditional classes:
----------------------

    None



2026-04-13 14:30:55 [File Watcher] INFO  o.s.b.d.a.LocalDevToolsAutoConfiguration$RestartingClassPathChangeChangedEventListener.onApplicationEvent:213 - Restarting due to 2 class path changes (0 additions, 2 deletions, 0 modifications)
2026-04-13 14:30:55 [Thread-23] INFO  o.a.coyote.http11.Http11NioProtocol.log:173 - Pausing ProtocolHandler ["http-nio-8080"]
2026-04-13 14:30:55 [Thread-23] INFO  o.a.catalina.core.StandardService.log:173 - Stopping service [Tomcat]
2026-04-13 14:30:55 [Thread-23] INFO  o.a.coyote.http11.Http11NioProtocol.log:173 - Stopping ProtocolHandler ["http-nio-8080"]
2026-04-13 14:30:55 [Thread-23] INFO  o.a.coyote.http11.Http11NioProtocol.log:173 - Destroying ProtocolHandler ["http-nio-8080"]
2026-04-13 14:30:55 [Thread-23] INFO  o.s.o.j.LocalContainerEntityManagerFactoryBean.destroy:651 - Closing JPA EntityManagerFactory for persistence unit 'default'
2026-04-13 14:30:55 [Thread-23] INFO  com.zaxxer.hikari.HikariDataSource.close:350 - HikariPool-4 - Shutdown initiated...
2026-04-13 14:30:55 [Thread-23] INFO  com.zaxxer.hikari.HikariDataSource.close:352 - HikariPool-4 - Shutdown completed.
2026-04-13 14:30:56 [restartedMain] INFO  c.example.spring1.Spring1Application.logStarting:55 - Starting Spring1Application using Java 1.8.0_202 on arkts开发 with PID 35052 (D:\Project\java-project\blog-demo\target\classes started by USER in D:\Project\java-project\blog-demo)
2026-04-13 14:30:56 [restartedMain] DEBUG c.example.spring1.Spring1Application.logStarting:56 - Running with Spring Boot v2.7.6, Spring v5.3.24
2026-04-13 14:30:56 [restartedMain] INFO  c.example.spring1.Spring1Application.logStartupProfileInfo:637 - The following 1 profile is active: "dev"
2026-04-13 14:30:56 [restartedMain] INFO  o.s.d.r.c.RepositoryConfigurationDelegate.registerRepositoriesIn:132 - Bootstrapping Spring Data JPA repositories in DEFAULT mode.
2026-04-13 14:30:56 [restartedMain] INFO  o.s.d.r.c.RepositoryConfigurationDelegate.registerRepositoriesIn:201 - Finished Spring Data repository scanning in 7 ms. Found 2 JPA repository interfaces.
2026-04-13 14:30:56 [restartedMain] INFO  o.s.b.w.e.tomcat.TomcatWebServer.initialize:108 - Tomcat initialized with port(s): 8080 (http)
2026-04-13 14:30:56 [restartedMain] INFO  o.a.coyote.http11.Http11NioProtocol.log:173 - Initializing ProtocolHandler ["http-nio-8080"]
2026-04-13 14:30:56 [restartedMain] INFO  o.a.catalina.core.StandardService.log:173 - Starting service [Tomcat]
2026-04-13 14:30:56 [restartedMain] INFO  o.a.catalina.core.StandardEngine.log:173 - Starting Servlet engine: [Apache Tomcat/9.0.69]
2026-04-13 14:30:56 [restartedMain] INFO  o.a.c.c.C.[.[localhost].[/api].log:173 - Initializing Spring embedded WebApplicationContext
2026-04-13 14:30:56 [restartedMain] INFO  o.s.b.w.s.c.ServletWebServerApplicationContext.prepareWebApplicationContext:292 - Root WebApplicationContext: initialization completed in 206 ms
2026-04-13 14:30:56 [restartedMain] DEBUG c.e.s.s.JwtAuthenticationFilter.init:242 - Filter 'jwtAuthenticationFilter' configured for use
2026-04-13 14:30:56 [restartedMain] INFO  com.zaxxer.hikari.HikariDataSource.getConnection:110 - HikariPool-5 - Starting...
2026-04-13 14:30:56 [restartedMain] INFO  com.zaxxer.hikari.HikariDataSource.getConnection:123 - HikariPool-5 - Start completed.
2026-04-13 14:30:56 [restartedMain] INFO  o.s.o.j.LocalContainerEntityManagerFactoryBean.buildNativeEntityManagerFactory:437 - Initialized JPA EntityManagerFactory for persistence unit 'default'
2026-04-13 14:30:56 [restartedMain] INFO  o.s.s.web.DefaultSecurityFilterChain.<init>:55 - Will secure any request with [org.springframework.security.web.session.DisableEncodeUrlFilter@7a8cc993, org.springframework.security.web.context.request.async.WebAsyncManagerIntegrationFilter@226619b, org.springframework.security.web.context.SecurityContextPersistenceFilter@348d71ba, org.springframework.security.web.header.HeaderWriterFilter@d6522ef, org.springframework.web.filter.CorsFilter@4508c80b, com.example.spring1.security.JwtAuthenticationFilter@2f2d2b3c, org.springframework.security.web.savedrequest.RequestCacheAwareFilter@392dec49, org.springframework.security.web.servletapi.SecurityContextHolderAwareRequestFilter@1d7bd3d9, org.springframework.security.web.authentication.AnonymousAuthenticationFilter@26b96222, org.springframework.security.web.session.SessionManagementFilter@47b8c92e, org.springframework.security.web.access.ExceptionTranslationFilter@759f0644, org.springframework.security.web.access.intercept.FilterSecurityInterceptor@6ad13078]
2026-04-13 14:30:56 [restartedMain] WARN  o.s.b.a.o.j.JpaBaseConfiguration$JpaWebConfiguration.openEntityManagerInViewInterceptor:219 - spring.jpa.open-in-view is enabled by default. Therefore, database queries may be performed during view rendering. Explicitly configure spring.jpa.open-in-view to disable this warning
2026-04-13 14:30:56 [restartedMain] INFO  o.s.b.a.w.s.WelcomePageHandlerMapping.<init>:53 - Adding welcome page: class path resource [static/index.html]
2026-04-13 14:30:56 [restartedMain] INFO  o.s.b.d.a.OptionalLiveReloadServer.startServer:59 - LiveReload server is running on port 35729
2026-04-13 14:30:56 [restartedMain] INFO  o.a.coyote.http11.Http11NioProtocol.log:173 - Starting ProtocolHandler ["http-nio-8080"]
2026-04-13 14:30:56 [restartedMain] INFO  o.s.b.w.e.tomcat.TomcatWebServer.start:220 - Tomcat started on port(s): 8080 (http) with context path '/api'
2026-04-13 14:30:56 [restartedMain] INFO  c.example.spring1.Spring1Application.logStarted:61 - Started Spring1Application in 0.617 seconds (JVM running for 1892.54)
2026-04-13 14:30:56 [restartedMain] INFO  o.s.b.d.a.ConditionEvaluationDeltaLoggingListener.onApplicationEvent:63 - Condition evaluation unchanged
2026-04-13 14:30:58 [File Watcher] INFO  o.s.b.d.a.LocalDevToolsAutoConfiguration$RestartingClassPathChangeChangedEventListener.onApplicationEvent:213 - Restarting due to 15 class path changes (2 additions, 0 deletions, 13 modifications)
2026-04-13 14:30:58 [Thread-33] INFO  o.a.coyote.http11.Http11NioProtocol.log:173 - Pausing ProtocolHandler ["http-nio-8080"]
2026-04-13 14:30:58 [Thread-33] INFO  o.a.catalina.core.StandardService.log:173 - Stopping service [Tomcat]
2026-04-13 14:30:58 [Thread-33] INFO  o.a.coyote.http11.Http11NioProtocol.log:173 - Stopping ProtocolHandler ["http-nio-8080"]
2026-04-13 14:30:58 [Thread-33] INFO  o.a.coyote.http11.Http11NioProtocol.log:173 - Destroying ProtocolHandler ["http-nio-8080"]
2026-04-13 14:30:58 [Thread-33] INFO  o.s.o.j.LocalContainerEntityManagerFactoryBean.destroy:651 - Closing JPA EntityManagerFactory for persistence unit 'default'
2026-04-13 14:30:58 [Thread-33] INFO  com.zaxxer.hikari.HikariDataSource.close:350 - HikariPool-5 - Shutdown initiated...
2026-04-13 14:30:58 [Thread-33] INFO  com.zaxxer.hikari.HikariDataSource.close:352 - HikariPool-5 - Shutdown completed.
2026-04-13 14:30:58 [restartedMain] INFO  c.example.spring1.Spring1Application.logStarting:55 - Starting Spring1Application using Java 1.8.0_202 on arkts开发 with PID 35052 (D:\Project\java-project\blog-demo\target\classes started by USER in D:\Project\java-project\blog-demo)
2026-04-13 14:30:58 [restartedMain] DEBUG c.example.spring1.Spring1Application.logStarting:56 - Running with Spring Boot v2.7.6, Spring v5.3.24
2026-04-13 14:30:58 [restartedMain] INFO  c.example.spring1.Spring1Application.logStartupProfileInfo:637 - The following 1 profile is active: "dev"
2026-04-13 14:30:58 [restartedMain] INFO  o.s.d.r.c.RepositoryConfigurationDelegate.registerRepositoriesIn:132 - Bootstrapping Spring Data JPA repositories in DEFAULT mode.
2026-04-13 14:30:58 [restartedMain] INFO  o.s.d.r.c.RepositoryConfigurationDelegate.registerRepositoriesIn:201 - Finished Spring Data repository scanning in 8 ms. Found 2 JPA repository interfaces.
2026-04-13 14:30:58 [restartedMain] INFO  o.s.b.w.e.tomcat.TomcatWebServer.initialize:108 - Tomcat initialized with port(s): 8080 (http)
2026-04-13 14:30:58 [restartedMain] INFO  o.a.coyote.http11.Http11NioProtocol.log:173 - Initializing ProtocolHandler ["http-nio-8080"]
2026-04-13 14:30:58 [restartedMain] INFO  o.a.catalina.core.StandardService.log:173 - Starting service [Tomcat]
2026-04-13 14:30:58 [restartedMain] INFO  o.a.catalina.core.StandardEngine.log:173 - Starting Servlet engine: [Apache Tomcat/9.0.69]
2026-04-13 14:30:58 [restartedMain] INFO  o.a.c.c.C.[.[localhost].[/api].log:173 - Initializing Spring embedded WebApplicationContext
2026-04-13 14:30:58 [restartedMain] INFO  o.s.b.w.s.c.ServletWebServerApplicationContext.prepareWebApplicationContext:292 - Root WebApplicationContext: initialization completed in 231 ms
2026-04-13 14:30:58 [restartedMain] DEBUG c.e.s.s.JwtAuthenticationFilter.init:242 - Filter 'jwtAuthenticationFilter' configured for use
2026-04-13 14:30:58 [restartedMain] INFO  com.zaxxer.hikari.HikariDataSource.getConnection:110 - HikariPool-6 - Starting...
2026-04-13 14:30:58 [restartedMain] INFO  com.zaxxer.hikari.HikariDataSource.getConnection:123 - HikariPool-6 - Start completed.
2026-04-13 14:30:58 [restartedMain] INFO  o.s.o.j.LocalContainerEntityManagerFactoryBean.buildNativeEntityManagerFactory:437 - Initialized JPA EntityManagerFactory for persistence unit 'default'
2026-04-13 14:30:58 [restartedMain] INFO  o.s.s.web.DefaultSecurityFilterChain.<init>:55 - Will secure any request with [org.springframework.security.web.session.DisableEncodeUrlFilter@43662f3e, org.springframework.security.web.context.request.async.WebAsyncManagerIntegrationFilter@46d6def4, org.springframework.security.web.context.SecurityContextPersistenceFilter@36401737, org.springframework.security.web.header.HeaderWriterFilter@4a77edc1, org.springframework.web.filter.CorsFilter@66a16936, com.example.spring1.security.JwtAuthenticationFilter@3b6ae7d6, org.springframework.security.web.savedrequest.RequestCacheAwareFilter@186b8338, org.springframework.security.web.servletapi.SecurityContextHolderAwareRequestFilter@6d876c11, org.springframework.security.web.authentication.AnonymousAuthenticationFilter@15f800ac, org.springframework.security.web.session.SessionManagementFilter@411ca783, org.springframework.security.web.access.ExceptionTranslationFilter@723b97d0, org.springframework.security.web.access.intercept.FilterSecurityInterceptor@6592d711]
2026-04-13 14:30:58 [restartedMain] WARN  o.s.b.a.o.j.JpaBaseConfiguration$JpaWebConfiguration.openEntityManagerInViewInterceptor:219 - spring.jpa.open-in-view is enabled by default. Therefore, database queries may be performed during view rendering. Explicitly configure spring.jpa.open-in-view to disable this warning
2026-04-13 14:30:58 [restartedMain] INFO  o.s.b.a.w.s.WelcomePageHandlerMapping.<init>:53 - Adding welcome page: class path resource [static/index.html]
2026-04-13 14:30:59 [restartedMain] INFO  o.s.b.d.a.OptionalLiveReloadServer.startServer:59 - LiveReload server is running on port 35729
2026-04-13 14:30:59 [restartedMain] INFO  o.a.coyote.http11.Http11NioProtocol.log:173 - Starting ProtocolHandler ["http-nio-8080"]
2026-04-13 14:30:59 [restartedMain] INFO  o.s.b.w.e.tomcat.TomcatWebServer.start:220 - Tomcat started on port(s): 8080 (http) with context path '/api'
2026-04-13 14:30:59 [restartedMain] INFO  c.example.spring1.Spring1Application.logStarted:61 - Started Spring1Application in 0.623 seconds (JVM running for 1894.896)
2026-04-13 14:30:59 [restartedMain] INFO  o.s.b.d.a.ConditionEvaluationDeltaLoggingListener.onApplicationEvent:63 - Condition evaluation unchanged
2026-04-13 14:30:59 [http-nio-8080-exec-1] INFO  o.a.c.c.C.[.[localhost].[/api].log:173 - Initializing Spring DispatcherServlet 'dispatcherServlet'
2026-04-13 14:30:59 [http-nio-8080-exec-1] INFO  o.s.web.servlet.DispatcherServlet.initServletBean:525 - Initializing Servlet 'dispatcherServlet'
2026-04-13 14:30:59 [http-nio-8080-exec-1] INFO  o.s.web.servlet.DispatcherServlet.initServletBean:547 - Completed initialization in 2 ms
2026-04-13 14:32:10 [http-nio-8080-exec-3] INFO  o.a.tomcat.util.http.parser.Cookie.log:173 - A cookie header was received [Hm_lvt_14bc1f1a2e144278285b4f0f37d50677=1763436601,1763517447;] that contained an invalid cookie. That cookie will be ignored.
 Note: further occurrences of this error will be logged at DEBUG level.
2026-04-13 14:33:07 [http-nio-8080-exec-2] WARN  o.s.w.s.m.m.a.ExceptionHandlerExceptionResolver.logException:208 - Resolved [com.example.spring1.common.BusinessException: 当前密码错误]
2026-04-13 14:35:36 [http-nio-8080-exec-9] WARN  o.s.w.s.m.m.a.ExceptionHandlerExceptionResolver.logException:208 - Resolved [com.example.spring1.common.BusinessException: 密码错误]
2026-04-13 14:35:42 [http-nio-8080-exec-8] WARN  o.s.w.s.m.m.a.ExceptionHandlerExceptionResolver.logException:208 - Resolved [com.example.spring1.common.BusinessException: 密码错误]
2026-04-13 14:35:52 [http-nio-8080-exec-10] WARN  o.s.w.s.m.m.a.ExceptionHandlerExceptionResolver.logException:208 - Resolved [com.example.spring1.common.BusinessException: 密码错误]
2026-04-13 14:36:40 [http-nio-8080-exec-8] WARN  o.s.w.s.m.m.a.ExceptionHandlerExceptionResolver.logException:208 - Resolved [com.example.spring1.common.BusinessException: 当前密码错误]
2026-04-13 14:38:08 [http-nio-8080-exec-9] WARN  o.s.w.s.m.m.a.ExceptionHandlerExceptionResolver.logException:208 - Resolved [com.example.spring1.common.BusinessException: 用户不存在]
2026-04-13 14:38:09 [http-nio-8080-exec-10] WARN  o.s.w.s.m.m.a.ExceptionHandlerExceptionResolver.logException:208 - Resolved [com.example.spring1.common.BusinessException: 用户不存在]
2026-04-13 14:45:51 [File Watcher] INFO  o.s.b.d.a.LocalDevToolsAutoConfiguration$RestartingClassPathChangeChangedEventListener.onApplicationEvent:213 - Restarting due to 13 class path changes (0 additions, 13 deletions, 0 modifications)
2026-04-13 14:45:51 [Thread-37] INFO  o.a.coyote.http11.Http11NioProtocol.log:173 - Pausing ProtocolHandler ["http-nio-8080"]
2026-04-13 14:45:51 [Thread-37] INFO  o.a.catalina.core.StandardService.log:173 - Stopping service [Tomcat]
2026-04-13 14:45:51 [Thread-37] INFO  o.a.c.c.C.[.[localhost].[/api].log:173 - Destroying Spring FrameworkServlet 'dispatcherServlet'
2026-04-13 14:45:51 [Thread-37] INFO  o.a.coyote.http11.Http11NioProtocol.log:173 - Stopping ProtocolHandler ["http-nio-8080"]
2026-04-13 14:45:51 [Thread-37] INFO  o.a.coyote.http11.Http11NioProtocol.log:173 - Destroying ProtocolHandler ["http-nio-8080"]
2026-04-13 14:45:51 [Thread-37] INFO  o.s.o.j.LocalContainerEntityManagerFactoryBean.destroy:651 - Closing JPA EntityManagerFactory for persistence unit 'default'
2026-04-13 14:45:51 [Thread-37] INFO  com.zaxxer.hikari.HikariDataSource.close:350 - HikariPool-6 - Shutdown initiated...
2026-04-13 14:45:51 [Thread-37] INFO  com.zaxxer.hikari.HikariDataSource.close:352 - HikariPool-6 - Shutdown completed.
2026-04-13 14:45:52 [restartedMain] INFO  c.example.spring1.Spring1Application.logStarting:55 - Starting Spring1Application using Java 1.8.0_202 on arkts开发 with PID 35052 (D:\Project\java-project\blog-demo\target\classes started by USER in D:\Project\java-project\blog-demo)
2026-04-13 14:45:52 [restartedMain] DEBUG c.example.spring1.Spring1Application.logStarting:56 - Running with Spring Boot v2.7.6, Spring v5.3.24
2026-04-13 14:45:52 [restartedMain] INFO  c.example.spring1.Spring1Application.logStartupProfileInfo:637 - The following 1 profile is active: "dev"
2026-04-13 14:45:52 [restartedMain] INFO  o.s.d.r.c.RepositoryConfigurationDelegate.registerRepositoriesIn:132 - Bootstrapping Spring Data JPA repositories in DEFAULT mode.
2026-04-13 14:45:52 [restartedMain] INFO  o.s.d.r.c.RepositoryConfigurationDelegate.registerRepositoriesIn:201 - Finished Spring Data repository scanning in 13 ms. Found 2 JPA repository interfaces.
2026-04-13 14:45:52 [restartedMain] INFO  o.s.b.w.e.tomcat.TomcatWebServer.initialize:108 - Tomcat initialized with port(s): 8080 (http)
2026-04-13 14:45:52 [restartedMain] INFO  o.a.coyote.http11.Http11NioProtocol.log:173 - Initializing ProtocolHandler ["http-nio-8080"]
2026-04-13 14:45:52 [restartedMain] INFO  o.a.catalina.core.StandardService.log:173 - Starting service [Tomcat]
2026-04-13 14:45:52 [restartedMain] INFO  o.a.catalina.core.StandardEngine.log:173 - Starting Servlet engine: [Apache Tomcat/9.0.69]
2026-04-13 14:45:52 [restartedMain] INFO  o.a.c.c.C.[.[localhost].[/api].log:173 - Initializing Spring embedded WebApplicationContext
2026-04-13 14:45:52 [restartedMain] INFO  o.s.b.w.s.c.ServletWebServerApplicationContext.prepareWebApplicationContext:292 - Root WebApplicationContext: initialization completed in 443 ms
2026-04-13 14:45:52 [restartedMain] INFO  com.zaxxer.hikari.HikariDataSource.getConnection:110 - HikariPool-7 - Starting...
2026-04-13 14:45:52 [restartedMain] INFO  com.zaxxer.hikari.HikariDataSource.getConnection:123 - HikariPool-7 - Start completed.
2026-04-13 14:45:52 [restartedMain] INFO  o.s.o.j.LocalContainerEntityManagerFactoryBean.buildNativeEntityManagerFactory:437 - Initialized JPA EntityManagerFactory for persistence unit 'default'
2026-04-13 14:45:52 [restartedMain] WARN  o.s.b.w.s.c.AnnotationConfigServletWebServerApplicationContext.refresh:591 - Exception encountered during context initialization - cancelling refresh attempt: org.springframework.beans.factory.UnsatisfiedDependencyException: Error creating bean with name 'authController': Unsatisfied dependency expressed through field 'authService'; nested exception is org.springframework.beans.factory.NoSuchBeanDefinitionException: No qualifying bean of type 'com.example.spring1.service.AuthService' available: expected at least 1 bean which qualifies as autowire candidate. Dependency annotations: {@org.springframework.beans.factory.annotation.Autowired(required=true)}
2026-04-13 14:45:52 [restartedMain] INFO  o.s.o.j.LocalContainerEntityManagerFactoryBean.destroy:651 - Closing JPA EntityManagerFactory for persistence unit 'default'
2026-04-13 14:45:52 [restartedMain] INFO  com.zaxxer.hikari.HikariDataSource.close:350 - HikariPool-7 - Shutdown initiated...
2026-04-13 14:45:52 [restartedMain] INFO  com.zaxxer.hikari.HikariDataSource.close:352 - HikariPool-7 - Shutdown completed.
2026-04-13 14:45:52 [restartedMain] INFO  o.a.catalina.core.StandardService.log:173 - Stopping service [Tomcat]
2026-04-13 14:45:52 [restartedMain] INFO  o.s.b.a.l.ConditionEvaluationReportLoggingListener.logMessage:136 - 

Error starting ApplicationContext. To display the conditions report re-run your application with 'debug' enabled.
2026-04-13 14:45:52 [restartedMain] ERROR o.s.b.d.LoggingFailureAnalysisReporter.report:40 - 

***************************
APPLICATION FAILED TO START
***************************

Description:

Field authService in com.example.spring1.controller.AuthController required a bean of type 'com.example.spring1.service.AuthService' that could not be found.

The injection point has the following annotations:
	- @org.springframework.beans.factory.annotation.Autowired(required=true)


Action:

Consider defining a bean of type 'com.example.spring1.service.AuthService' in your configuration.

2026-04-13 14:45:54 [restartedMain] INFO  c.example.spring1.Spring1Application.logStarting:55 - Starting Spring1Application using Java 1.8.0_202 on arkts开发 with PID 35052 (D:\Project\java-project\blog-demo\target\classes started by USER in D:\Project\java-project\blog-demo)
2026-04-13 14:45:54 [restartedMain] DEBUG c.example.spring1.Spring1Application.logStarting:56 - Running with Spring Boot v2.7.6, Spring v5.3.24
2026-04-13 14:45:54 [restartedMain] INFO  c.example.spring1.Spring1Application.logStartupProfileInfo:637 - The following 1 profile is active: "dev"
2026-04-13 14:45:54 [restartedMain] INFO  o.s.d.r.c.RepositoryConfigurationDelegate.registerRepositoriesIn:132 - Bootstrapping Spring Data JPA repositories in DEFAULT mode.
2026-04-13 14:45:54 [restartedMain] INFO  o.s.d.r.c.RepositoryConfigurationDelegate.registerRepositoriesIn:201 - Finished Spring Data repository scanning in 16 ms. Found 3 JPA repository interfaces.
2026-04-13 14:45:54 [restartedMain] INFO  o.s.b.w.e.tomcat.TomcatWebServer.initialize:108 - Tomcat initialized with port(s): 8080 (http)
2026-04-13 14:45:54 [restartedMain] INFO  o.a.coyote.http11.Http11NioProtocol.log:173 - Initializing ProtocolHandler ["http-nio-8080"]
2026-04-13 14:45:54 [restartedMain] INFO  o.a.catalina.core.StandardService.log:173 - Starting service [Tomcat]
2026-04-13 14:45:54 [restartedMain] INFO  o.a.catalina.core.StandardEngine.log:173 - Starting Servlet engine: [Apache Tomcat/9.0.69]
2026-04-13 14:45:54 [restartedMain] INFO  o.a.c.c.C.[.[localhost].[/api].log:173 - Initializing Spring embedded WebApplicationContext
2026-04-13 14:45:54 [restartedMain] INFO  o.s.b.w.s.c.ServletWebServerApplicationContext.prepareWebApplicationContext:292 - Root WebApplicationContext: initialization completed in 504 ms
2026-04-13 14:45:54 [restartedMain] DEBUG c.e.s.s.JwtAuthenticationFilter.init:242 - Filter 'jwtAuthenticationFilter' configured for use
2026-04-13 14:45:54 [restartedMain] INFO  com.zaxxer.hikari.HikariDataSource.getConnection:110 - HikariPool-8 - Starting...
2026-04-13 14:45:54 [restartedMain] INFO  com.zaxxer.hikari.HikariDataSource.getConnection:123 - HikariPool-8 - Start completed.
2026-04-13 14:45:54 [restartedMain] INFO  o.s.o.j.LocalContainerEntityManagerFactoryBean.buildNativeEntityManagerFactory:437 - Initialized JPA EntityManagerFactory for persistence unit 'default'
2026-04-13 14:45:55 [restartedMain] INFO  o.s.s.web.DefaultSecurityFilterChain.<init>:55 - Will secure any request with [org.springframework.security.web.session.DisableEncodeUrlFilter@506d1921, org.springframework.security.web.context.request.async.WebAsyncManagerIntegrationFilter@214b3c95, org.springframework.security.web.context.SecurityContextPersistenceFilter@18f477f3, org.springframework.security.web.header.HeaderWriterFilter@1d98d8e0, org.springframework.web.filter.CorsFilter@4a6229d, com.example.spring1.security.JwtAuthenticationFilter@6cf5d1ed, org.springframework.security.web.savedrequest.RequestCacheAwareFilter@1451302, org.springframework.security.web.servletapi.SecurityContextHolderAwareRequestFilter@5a419412, org.springframework.security.web.authentication.AnonymousAuthenticationFilter@395bc8cd, org.springframework.security.web.session.SessionManagementFilter@39f8cb93, org.springframework.security.web.access.ExceptionTranslationFilter@17d1cf20, org.springframework.security.web.access.intercept.FilterSecurityInterceptor@7175aee]
2026-04-13 14:45:55 [restartedMain] WARN  o.s.b.a.o.j.JpaBaseConfiguration$JpaWebConfiguration.openEntityManagerInViewInterceptor:219 - spring.jpa.open-in-view is enabled by default. Therefore, database queries may be performed during view rendering. Explicitly configure spring.jpa.open-in-view to disable this warning
2026-04-13 14:45:55 [restartedMain] INFO  o.s.b.a.w.s.WelcomePageHandlerMapping.<init>:53 - Adding welcome page: class path resource [static/index.html]
2026-04-13 14:45:55 [restartedMain] INFO  o.s.b.d.a.OptionalLiveReloadServer.startServer:59 - LiveReload server is running on port 35729
2026-04-13 14:45:55 [restartedMain] INFO  o.a.coyote.http11.Http11NioProtocol.log:173 - Starting ProtocolHandler ["http-nio-8080"]
2026-04-13 14:45:55 [restartedMain] INFO  o.s.b.w.e.tomcat.TomcatWebServer.start:220 - Tomcat started on port(s): 8080 (http) with context path '/api'
2026-04-13 14:45:55 [restartedMain] INFO  c.example.spring1.Spring1Application.logStarted:61 - Started Spring1Application in 1.138 seconds (JVM running for 2791.293)
2026-04-13 14:45:55 [restartedMain] INFO  o.s.b.d.a.ConditionEvaluationDeltaLoggingListener.onApplicationEvent:63 - Condition evaluation unchanged
2026-04-13 14:46:58 [http-nio-8080-exec-1] INFO  o.a.c.c.C.[.[localhost].[/api].log:173 - Initializing Spring DispatcherServlet 'dispatcherServlet'
2026-04-13 14:46:58 [http-nio-8080-exec-1] INFO  o.s.web.servlet.DispatcherServlet.initServletBean:525 - Initializing Servlet 'dispatcherServlet'
2026-04-13 14:46:58 [http-nio-8080-exec-1] INFO  o.s.web.servlet.DispatcherServlet.initServletBean:547 - Completed initialization in 1 ms
2026-04-13 14:48:02 [File Watcher] INFO  o.s.b.d.a.LocalDevToolsAutoConfiguration$RestartingClassPathChangeChangedEventListener.onApplicationEvent:213 - Restarting due to 25 class path changes (0 additions, 25 deletions, 0 modifications)
2026-04-13 14:48:03 [Thread-41] INFO  o.a.coyote.http11.Http11NioProtocol.log:173 - Pausing ProtocolHandler ["http-nio-8080"]
2026-04-13 14:48:03 [Thread-41] INFO  o.a.catalina.core.StandardService.log:173 - Stopping service [Tomcat]
2026-04-13 14:48:03 [Thread-41] INFO  o.a.c.c.C.[.[localhost].[/api].log:173 - Destroying Spring FrameworkServlet 'dispatcherServlet'
2026-04-13 14:48:03 [Thread-41] INFO  o.a.coyote.http11.Http11NioProtocol.log:173 - Stopping ProtocolHandler ["http-nio-8080"]
2026-04-13 14:48:03 [Thread-41] INFO  o.a.coyote.http11.Http11NioProtocol.log:173 - Destroying ProtocolHandler ["http-nio-8080"]
2026-04-13 14:48:03 [Thread-41] INFO  o.s.o.j.LocalContainerEntityManagerFactoryBean.destroy:651 - Closing JPA EntityManagerFactory for persistence unit 'default'
2026-04-13 14:48:03 [Thread-41] INFO  com.zaxxer.hikari.HikariDataSource.close:350 - HikariPool-8 - Shutdown initiated...
2026-04-13 14:48:03 [Thread-41] INFO  com.zaxxer.hikari.HikariDataSource.close:352 - HikariPool-8 - Shutdown completed.
2026-04-13 14:48:03 [restartedMain] INFO  c.example.spring1.Spring1Application.logStarting:55 - Starting Spring1Application using Java 1.8.0_202 on arkts开发 with PID 35052 (D:\Project\java-project\blog-demo\target\classes started by USER in D:\Project\java-project\blog-demo)
2026-04-13 14:48:03 [restartedMain] DEBUG c.example.spring1.Spring1Application.logStarting:56 - Running with Spring Boot v2.7.6, Spring v5.3.24
2026-04-13 14:48:03 [restartedMain] INFO  c.example.spring1.Spring1Application.logStartupProfileInfo:637 - The following 1 profile is active: "dev"
2026-04-13 14:48:03 [restartedMain] INFO  o.s.d.r.c.RepositoryConfigurationDelegate.registerRepositoriesIn:132 - Bootstrapping Spring Data JPA repositories in DEFAULT mode.
2026-04-13 14:48:03 [restartedMain] INFO  o.s.d.r.c.RepositoryConfigurationDelegate.registerRepositoriesIn:201 - Finished Spring Data repository scanning in 16 ms. Found 2 JPA repository interfaces.
2026-04-13 14:48:03 [restartedMain] INFO  o.s.b.w.e.tomcat.TomcatWebServer.initialize:108 - Tomcat initialized with port(s): 8080 (http)
2026-04-13 14:48:03 [restartedMain] INFO  o.a.coyote.http11.Http11NioProtocol.log:173 - Initializing ProtocolHandler ["http-nio-8080"]
2026-04-13 14:48:03 [restartedMain] INFO  o.a.catalina.core.StandardService.log:173 - Starting service [Tomcat]
2026-04-13 14:48:03 [restartedMain] INFO  o.a.catalina.core.StandardEngine.log:173 - Starting Servlet engine: [Apache Tomcat/9.0.69]
2026-04-13 14:48:04 [restartedMain] INFO  o.a.c.c.C.[.[localhost].[/api].log:173 - Initializing Spring embedded WebApplicationContext
2026-04-13 14:48:04 [restartedMain] INFO  o.s.b.w.s.c.ServletWebServerApplicationContext.prepareWebApplicationContext:292 - Root WebApplicationContext: initialization completed in 456 ms
2026-04-13 14:48:04 [restartedMain] INFO  com.zaxxer.hikari.HikariDataSource.getConnection:110 - HikariPool-9 - Starting...
2026-04-13 14:48:04 [restartedMain] INFO  com.zaxxer.hikari.HikariDataSource.getConnection:123 - HikariPool-9 - Start completed.
2026-04-13 14:48:04 [restartedMain] INFO  o.s.o.j.LocalContainerEntityManagerFactoryBean.buildNativeEntityManagerFactory:437 - Initialized JPA EntityManagerFactory for persistence unit 'default'
2026-04-13 14:48:04 [restartedMain] WARN  o.s.b.w.s.c.AnnotationConfigServletWebServerApplicationContext.refresh:591 - Exception encountered during context initialization - cancelling refresh attempt: org.springframework.beans.factory.UnsatisfiedDependencyException: Error creating bean with name 'authController': Unsatisfied dependency expressed through field 'authService'; nested exception is org.springframework.beans.factory.NoSuchBeanDefinitionException: No qualifying bean of type 'com.example.spring1.service.AuthService' available: expected at least 1 bean which qualifies as autowire candidate. Dependency annotations: {@org.springframework.beans.factory.annotation.Autowired(required=true)}
2026-04-13 14:48:04 [restartedMain] INFO  o.s.o.j.LocalContainerEntityManagerFactoryBean.destroy:651 - Closing JPA EntityManagerFactory for persistence unit 'default'
2026-04-13 14:48:04 [restartedMain] INFO  com.zaxxer.hikari.HikariDataSource.close:350 - HikariPool-9 - Shutdown initiated...
2026-04-13 14:48:04 [restartedMain] INFO  com.zaxxer.hikari.HikariDataSource.close:352 - HikariPool-9 - Shutdown completed.
2026-04-13 14:48:04 [restartedMain] INFO  o.a.catalina.core.StandardService.log:173 - Stopping service [Tomcat]
2026-04-13 14:48:04 [restartedMain] INFO  o.s.b.a.l.ConditionEvaluationReportLoggingListener.logMessage:136 - 

Error starting ApplicationContext. To display the conditions report re-run your application with 'debug' enabled.
2026-04-13 14:48:04 [restartedMain] ERROR o.s.b.d.LoggingFailureAnalysisReporter.report:40 - 

***************************
APPLICATION FAILED TO START
***************************

Description:

Field authService in com.example.spring1.controller.AuthController required a bean of type 'com.example.spring1.service.AuthService' that could not be found.

The injection point has the following annotations:
	- @org.springframework.beans.factory.annotation.Autowired(required=true)


Action:

Consider defining a bean of type 'com.example.spring1.service.AuthService' in your configuration.

2026-04-13 14:48:05 [restartedMain] INFO  c.example.spring1.Spring1Application.logStarting:55 - Starting Spring1Application using Java 1.8.0_202 on arkts开发 with PID 35052 (D:\Project\java-project\blog-demo\target\classes started by USER in D:\Project\java-project\blog-demo)
2026-04-13 14:48:05 [restartedMain] DEBUG c.example.spring1.Spring1Application.logStarting:56 - Running with Spring Boot v2.7.6, Spring v5.3.24
2026-04-13 14:48:05 [restartedMain] INFO  c.example.spring1.Spring1Application.logStartupProfileInfo:637 - The following 1 profile is active: "dev"
2026-04-13 14:48:05 [restartedMain] INFO  o.s.d.r.c.RepositoryConfigurationDelegate.registerRepositoriesIn:132 - Bootstrapping Spring Data JPA repositories in DEFAULT mode.
2026-04-13 14:48:05 [restartedMain] INFO  o.s.d.r.c.RepositoryConfigurationDelegate.registerRepositoriesIn:201 - Finished Spring Data repository scanning in 17 ms. Found 3 JPA repository interfaces.
2026-04-13 14:48:06 [restartedMain] INFO  o.s.b.w.e.tomcat.TomcatWebServer.initialize:108 - Tomcat initialized with port(s): 8080 (http)
2026-04-13 14:48:06 [restartedMain] INFO  o.a.coyote.http11.Http11NioProtocol.log:173 - Initializing ProtocolHandler ["http-nio-8080"]
2026-04-13 14:48:06 [restartedMain] INFO  o.a.catalina.core.StandardService.log:173 - Starting service [Tomcat]
2026-04-13 14:48:06 [restartedMain] INFO  o.a.catalina.core.StandardEngine.log:173 - Starting Servlet engine: [Apache Tomcat/9.0.69]
2026-04-13 14:48:06 [restartedMain] INFO  o.a.c.c.C.[.[localhost].[/api].log:173 - Initializing Spring embedded WebApplicationContext
2026-04-13 14:48:06 [restartedMain] INFO  o.s.b.w.s.c.ServletWebServerApplicationContext.prepareWebApplicationContext:292 - Root WebApplicationContext: initialization completed in 410 ms
2026-04-13 14:48:06 [restartedMain] DEBUG c.e.s.s.JwtAuthenticationFilter.init:242 - Filter 'jwtAuthenticationFilter' configured for use
2026-04-13 14:48:06 [restartedMain] INFO  com.zaxxer.hikari.HikariDataSource.getConnection:110 - HikariPool-10 - Starting...
2026-04-13 14:48:06 [restartedMain] INFO  com.zaxxer.hikari.HikariDataSource.getConnection:123 - HikariPool-10 - Start completed.
2026-04-13 14:48:06 [restartedMain] INFO  o.s.o.j.LocalContainerEntityManagerFactoryBean.buildNativeEntityManagerFactory:437 - Initialized JPA EntityManagerFactory for persistence unit 'default'
2026-04-13 14:48:06 [restartedMain] INFO  o.s.s.web.DefaultSecurityFilterChain.<init>:55 - Will secure any request with [org.springframework.security.web.session.DisableEncodeUrlFilter@7edf244e, org.springframework.security.web.context.request.async.WebAsyncManagerIntegrationFilter@30672782, org.springframework.security.web.context.SecurityContextPersistenceFilter@6092cc47, org.springframework.security.web.header.HeaderWriterFilter@deb45bf, org.springframework.web.filter.CorsFilter@18d93f0, com.example.spring1.security.JwtAuthenticationFilter@198c8380, org.springframework.security.web.savedrequest.RequestCacheAwareFilter@919950b, org.springframework.security.web.servletapi.SecurityContextHolderAwareRequestFilter@5e08ef2a, org.springframework.security.web.authentication.AnonymousAuthenticationFilter@f39de6b, org.springframework.security.web.session.SessionManagementFilter@232bdbff, org.springframework.security.web.access.ExceptionTranslationFilter@61dffe9, org.springframework.security.web.access.intercept.FilterSecurityInterceptor@ac08f4d]
2026-04-13 14:48:06 [restartedMain] WARN  o.s.b.a.o.j.JpaBaseConfiguration$JpaWebConfiguration.openEntityManagerInViewInterceptor:219 - spring.jpa.open-in-view is enabled by default. Therefore, database queries may be performed during view rendering. Explicitly configure spring.jpa.open-in-view to disable this warning
2026-04-13 14:48:06 [restartedMain] INFO  o.s.b.a.w.s.WelcomePageHandlerMapping.<init>:53 - Adding welcome page: class path resource [static/index.html]
2026-04-13 14:48:06 [restartedMain] INFO  o.s.b.d.a.OptionalLiveReloadServer.startServer:59 - LiveReload server is running on port 35729
2026-04-13 14:48:06 [restartedMain] INFO  o.a.coyote.http11.Http11NioProtocol.log:173 - Starting ProtocolHandler ["http-nio-8080"]
2026-04-13 14:48:06 [restartedMain] INFO  o.s.b.w.e.tomcat.TomcatWebServer.start:220 - Tomcat started on port(s): 8080 (http) with context path '/api'
2026-04-13 14:48:06 [restartedMain] INFO  c.example.spring1.Spring1Application.logStarted:61 - Started Spring1Application in 1.085 seconds (JVM running for 2922.521)
2026-04-13 14:48:06 [restartedMain] INFO  o.s.b.d.a.ConditionEvaluationDeltaLoggingListener.onApplicationEvent:63 - Condition evaluation unchanged
2026-04-13 14:48:17 [http-nio-8080-exec-1] INFO  o.a.c.c.C.[.[localhost].[/api].log:173 - Initializing Spring DispatcherServlet 'dispatcherServlet'
2026-04-13 14:48:17 [http-nio-8080-exec-1] INFO  o.s.web.servlet.DispatcherServlet.initServletBean:525 - Initializing Servlet 'dispatcherServlet'
2026-04-13 14:48:17 [http-nio-8080-exec-1] INFO  o.s.web.servlet.DispatcherServlet.initServletBean:547 - Completed initialization in 2 ms
2026-04-13 14:48:31 [File Watcher] INFO  o.s.b.d.a.LocalDevToolsAutoConfiguration$RestartingClassPathChangeChangedEventListener.onApplicationEvent:213 - Restarting due to 2 class path changes (0 additions, 2 deletions, 0 modifications)
2026-04-13 14:48:31 [Thread-48] INFO  o.a.coyote.http11.Http11NioProtocol.log:173 - Pausing ProtocolHandler ["http-nio-8080"]
2026-04-13 14:48:31 [Thread-48] INFO  o.a.catalina.core.StandardService.log:173 - Stopping service [Tomcat]
2026-04-13 14:48:31 [Thread-48] INFO  o.a.c.c.C.[.[localhost].[/api].log:173 - Destroying Spring FrameworkServlet 'dispatcherServlet'
2026-04-13 14:48:31 [Thread-48] INFO  o.a.coyote.http11.Http11NioProtocol.log:173 - Stopping ProtocolHandler ["http-nio-8080"]
2026-04-13 14:48:31 [Thread-48] INFO  o.a.coyote.http11.Http11NioProtocol.log:173 - Destroying ProtocolHandler ["http-nio-8080"]
2026-04-13 14:48:31 [Thread-48] INFO  o.s.o.j.LocalContainerEntityManagerFactoryBean.destroy:651 - Closing JPA EntityManagerFactory for persistence unit 'default'
2026-04-13 14:48:31 [Thread-48] INFO  com.zaxxer.hikari.HikariDataSource.close:350 - HikariPool-10 - Shutdown initiated...
2026-04-13 14:48:31 [Thread-48] INFO  com.zaxxer.hikari.HikariDataSource.close:352 - HikariPool-10 - Shutdown completed.
2026-04-13 14:48:32 [restartedMain] INFO  c.example.spring1.Spring1Application.logStarting:55 - Starting Spring1Application using Java 1.8.0_202 on arkts开发 with PID 35052 (D:\Project\java-project\blog-demo\target\classes started by USER in D:\Project\java-project\blog-demo)
2026-04-13 14:48:32 [restartedMain] DEBUG c.example.spring1.Spring1Application.logStarting:56 - Running with Spring Boot v2.7.6, Spring v5.3.24
2026-04-13 14:48:32 [restartedMain] INFO  c.example.spring1.Spring1Application.logStartupProfileInfo:637 - The following 1 profile is active: "dev"
2026-04-13 14:48:32 [restartedMain] INFO  o.s.d.r.c.RepositoryConfigurationDelegate.registerRepositoriesIn:132 - Bootstrapping Spring Data JPA repositories in DEFAULT mode.
2026-04-13 14:48:32 [restartedMain] INFO  o.s.d.r.c.RepositoryConfigurationDelegate.registerRepositoriesIn:201 - Finished Spring Data repository scanning in 9 ms. Found 3 JPA repository interfaces.
2026-04-13 14:48:32 [restartedMain] INFO  o.s.b.w.e.tomcat.TomcatWebServer.initialize:108 - Tomcat initialized with port(s): 8080 (http)
2026-04-13 14:48:32 [restartedMain] INFO  o.a.coyote.http11.Http11NioProtocol.log:173 - Initializing ProtocolHandler ["http-nio-8080"]
2026-04-13 14:48:32 [restartedMain] INFO  o.a.catalina.core.StandardService.log:173 - Starting service [Tomcat]
2026-04-13 14:48:32 [restartedMain] INFO  o.a.catalina.core.StandardEngine.log:173 - Starting Servlet engine: [Apache Tomcat/9.0.69]
2026-04-13 14:48:32 [restartedMain] INFO  o.a.c.c.C.[.[localhost].[/api].log:173 - Initializing Spring embedded WebApplicationContext
2026-04-13 14:48:32 [restartedMain] INFO  o.s.b.w.s.c.ServletWebServerApplicationContext.prepareWebApplicationContext:292 - Root WebApplicationContext: initialization completed in 260 ms
2026-04-13 14:48:32 [restartedMain] DEBUG c.e.s.s.JwtAuthenticationFilter.init:242 - Filter 'jwtAuthenticationFilter' configured for use
2026-04-13 14:48:32 [restartedMain] INFO  com.zaxxer.hikari.HikariDataSource.getConnection:110 - HikariPool-11 - Starting...
2026-04-13 14:48:32 [restartedMain] INFO  com.zaxxer.hikari.HikariDataSource.getConnection:123 - HikariPool-11 - Start completed.
2026-04-13 14:48:32 [restartedMain] INFO  o.s.o.j.LocalContainerEntityManagerFactoryBean.buildNativeEntityManagerFactory:437 - Initialized JPA EntityManagerFactory for persistence unit 'default'
2026-04-13 14:48:32 [restartedMain] INFO  o.s.s.web.DefaultSecurityFilterChain.<init>:55 - Will secure any request with [org.springframework.security.web.session.DisableEncodeUrlFilter@80a7f05, org.springframework.security.web.context.request.async.WebAsyncManagerIntegrationFilter@606eeb97, org.springframework.security.web.context.SecurityContextPersistenceFilter@1cf932b5, org.springframework.security.web.header.HeaderWriterFilter@6f4cdd1c, org.springframework.web.filter.CorsFilter@5ae9d526, com.example.spring1.security.JwtAuthenticationFilter@3e9d13a1, org.springframework.security.web.savedrequest.RequestCacheAwareFilter@52f69a41, org.springframework.security.web.servletapi.SecurityContextHolderAwareRequestFilter@5bdb093e, org.springframework.security.web.authentication.AnonymousAuthenticationFilter@7c1b5f17, org.springframework.security.web.session.SessionManagementFilter@24e16d48, org.springframework.security.web.access.ExceptionTranslationFilter@6155e281, org.springframework.security.web.access.intercept.FilterSecurityInterceptor@6a398da9]
2026-04-13 14:48:32 [restartedMain] WARN  o.s.b.a.o.j.JpaBaseConfiguration$JpaWebConfiguration.openEntityManagerInViewInterceptor:219 - spring.jpa.open-in-view is enabled by default. Therefore, database queries may be performed during view rendering. Explicitly configure spring.jpa.open-in-view to disable this warning
2026-04-13 14:48:32 [restartedMain] INFO  o.s.b.a.w.s.WelcomePageHandlerMapping.<init>:53 - Adding welcome page: class path resource [static/index.html]
2026-04-13 14:48:32 [restartedMain] INFO  o.s.b.d.a.OptionalLiveReloadServer.startServer:59 - LiveReload server is running on port 35729
2026-04-13 14:48:32 [restartedMain] INFO  o.a.coyote.http11.Http11NioProtocol.log:173 - Starting ProtocolHandler ["http-nio-8080"]
2026-04-13 14:48:32 [restartedMain] INFO  o.s.b.w.e.tomcat.TomcatWebServer.start:220 - Tomcat started on port(s): 8080 (http) with context path '/api'
2026-04-13 14:48:32 [restartedMain] INFO  c.example.spring1.Spring1Application.logStarted:61 - Started Spring1Application in 0.673 seconds (JVM running for 2948.54)
2026-04-13 14:48:32 [restartedMain] INFO  o.s.b.d.a.ConditionEvaluationDeltaLoggingListener.onApplicationEvent:63 - Condition evaluation unchanged
2026-04-13 14:48:34 [File Watcher] INFO  o.s.b.d.a.LocalDevToolsAutoConfiguration$RestartingClassPathChangeChangedEventListener.onApplicationEvent:213 - Restarting due to 14 class path changes (2 additions, 0 deletions, 12 modifications)
2026-04-13 14:48:34 [Thread-55] INFO  o.a.coyote.http11.Http11NioProtocol.log:173 - Pausing ProtocolHandler ["http-nio-8080"]
2026-04-13 14:48:34 [Thread-55] INFO  o.a.catalina.core.StandardService.log:173 - Stopping service [Tomcat]
2026-04-13 14:48:34 [Thread-55] INFO  o.a.coyote.http11.Http11NioProtocol.log:173 - Stopping ProtocolHandler ["http-nio-8080"]
2026-04-13 14:48:34 [Thread-55] INFO  o.a.coyote.http11.Http11NioProtocol.log:173 - Destroying ProtocolHandler ["http-nio-8080"]
2026-04-13 14:48:34 [Thread-55] INFO  o.s.o.j.LocalContainerEntityManagerFactoryBean.destroy:651 - Closing JPA EntityManagerFactory for persistence unit 'default'
2026-04-13 14:48:34 [Thread-55] INFO  com.zaxxer.hikari.HikariDataSource.close:350 - HikariPool-11 - Shutdown initiated...
2026-04-13 14:48:34 [Thread-55] INFO  com.zaxxer.hikari.HikariDataSource.close:352 - HikariPool-11 - Shutdown completed.
2026-04-13 14:48:34 [restartedMain] INFO  c.example.spring1.Spring1Application.logStarting:55 - Starting Spring1Application using Java 1.8.0_202 on arkts开发 with PID 35052 (D:\Project\java-project\blog-demo\target\classes started by USER in D:\Project\java-project\blog-demo)
2026-04-13 14:48:34 [restartedMain] DEBUG c.example.spring1.Spring1Application.logStarting:56 - Running with Spring Boot v2.7.6, Spring v5.3.24
2026-04-13 14:48:34 [restartedMain] INFO  c.example.spring1.Spring1Application.logStartupProfileInfo:637 - The following 1 profile is active: "dev"
2026-04-13 14:48:34 [restartedMain] INFO  o.s.d.r.c.RepositoryConfigurationDelegate.registerRepositoriesIn:132 - Bootstrapping Spring Data JPA repositories in DEFAULT mode.
2026-04-13 14:48:34 [restartedMain] INFO  o.s.d.r.c.RepositoryConfigurationDelegate.registerRepositoriesIn:201 - Finished Spring Data repository scanning in 10 ms. Found 3 JPA repository interfaces.
2026-04-13 14:48:34 [restartedMain] INFO  o.s.b.w.e.tomcat.TomcatWebServer.initialize:108 - Tomcat initialized with port(s): 8080 (http)
2026-04-13 14:48:34 [restartedMain] INFO  o.a.coyote.http11.Http11NioProtocol.log:173 - Initializing ProtocolHandler ["http-nio-8080"]
2026-04-13 14:48:34 [restartedMain] INFO  o.a.catalina.core.StandardService.log:173 - Starting service [Tomcat]
2026-04-13 14:48:34 [restartedMain] INFO  o.a.catalina.core.StandardEngine.log:173 - Starting Servlet engine: [Apache Tomcat/9.0.69]
2026-04-13 14:48:34 [restartedMain] INFO  o.a.c.c.C.[.[localhost].[/api].log:173 - Initializing Spring embedded WebApplicationContext
2026-04-13 14:48:34 [restartedMain] INFO  o.s.b.w.s.c.ServletWebServerApplicationContext.prepareWebApplicationContext:292 - Root WebApplicationContext: initialization completed in 245 ms
2026-04-13 14:48:34 [restartedMain] DEBUG c.e.s.s.JwtAuthenticationFilter.init:242 - Filter 'jwtAuthenticationFilter' configured for use
2026-04-13 14:48:34 [restartedMain] INFO  com.zaxxer.hikari.HikariDataSource.getConnection:110 - HikariPool-12 - Starting...
2026-04-13 14:48:34 [restartedMain] INFO  com.zaxxer.hikari.HikariDataSource.getConnection:123 - HikariPool-12 - Start completed.
2026-04-13 14:48:34 [restartedMain] INFO  o.s.o.j.LocalContainerEntityManagerFactoryBean.buildNativeEntityManagerFactory:437 - Initialized JPA EntityManagerFactory for persistence unit 'default'
2026-04-13 14:48:34 [restartedMain] INFO  o.s.s.web.DefaultSecurityFilterChain.<init>:55 - Will secure any request with [org.springframework.security.web.session.DisableEncodeUrlFilter@2eaba7f0, org.springframework.security.web.context.request.async.WebAsyncManagerIntegrationFilter@4d2bcf38, org.springframework.security.web.context.SecurityContextPersistenceFilter@2a1fd764, org.springframework.security.web.header.HeaderWriterFilter@67d46fb4, org.springframework.web.filter.CorsFilter@48fe4663, com.example.spring1.security.JwtAuthenticationFilter@fbb3e69, org.springframework.security.web.savedrequest.RequestCacheAwareFilter@37aac44a, org.springframework.security.web.servletapi.SecurityContextHolderAwareRequestFilter@7347b4c4, org.springframework.security.web.authentication.AnonymousAuthenticationFilter@8dcfe9e, org.springframework.security.web.session.SessionManagementFilter@5a19efea, org.springframework.security.web.access.ExceptionTranslationFilter@481aa653, org.springframework.security.web.access.intercept.FilterSecurityInterceptor@1e3bcb21]
2026-04-13 14:48:34 [restartedMain] WARN  o.s.b.a.o.j.JpaBaseConfiguration$JpaWebConfiguration.openEntityManagerInViewInterceptor:219 - spring.jpa.open-in-view is enabled by default. Therefore, database queries may be performed during view rendering. Explicitly configure spring.jpa.open-in-view to disable this warning
2026-04-13 14:48:34 [restartedMain] INFO  o.s.b.a.w.s.WelcomePageHandlerMapping.<init>:53 - Adding welcome page: class path resource [static/index.html]
2026-04-13 14:48:35 [restartedMain] INFO  o.s.b.d.a.OptionalLiveReloadServer.startServer:59 - LiveReload server is running on port 35729
2026-04-13 14:48:35 [restartedMain] INFO  o.a.coyote.http11.Http11NioProtocol.log:173 - Starting ProtocolHandler ["http-nio-8080"]
2026-04-13 14:48:35 [restartedMain] INFO  o.s.b.w.e.tomcat.TomcatWebServer.start:220 - Tomcat started on port(s): 8080 (http) with context path '/api'
2026-04-13 14:48:35 [restartedMain] INFO  c.example.spring1.Spring1Application.logStarted:61 - Started Spring1Application in 0.642 seconds (JVM running for 2950.87)
2026-04-13 14:48:35 [restartedMain] INFO  o.s.b.d.a.ConditionEvaluationDeltaLoggingListener.onApplicationEvent:63 - Condition evaluation unchanged
2026-04-13 14:48:42 [http-nio-8080-exec-1] INFO  o.a.c.c.C.[.[localhost].[/api].log:173 - Initializing Spring DispatcherServlet 'dispatcherServlet'
2026-04-13 14:48:42 [http-nio-8080-exec-1] INFO  o.s.web.servlet.DispatcherServlet.initServletBean:525 - Initializing Servlet 'dispatcherServlet'
2026-04-13 14:48:42 [http-nio-8080-exec-1] INFO  o.s.web.servlet.DispatcherServlet.initServletBean:547 - Completed initialization in 1 ms
2026-04-13 15:02:27 [File Watcher] INFO  o.s.b.d.a.LocalDevToolsAutoConfiguration$RestartingClassPathChangeChangedEventListener.onApplicationEvent:213 - Restarting due to 3 class path changes (0 additions, 3 deletions, 0 modifications)
2026-04-13 15:02:27 [Thread-59] INFO  o.a.coyote.http11.Http11NioProtocol.log:173 - Pausing ProtocolHandler ["http-nio-8080"]
2026-04-13 15:02:27 [Thread-59] INFO  o.a.catalina.core.StandardService.log:173 - Stopping service [Tomcat]
2026-04-13 15:02:27 [Thread-59] INFO  o.a.c.c.C.[.[localhost].[/api].log:173 - Destroying Spring FrameworkServlet 'dispatcherServlet'
2026-04-13 15:02:27 [Thread-59] INFO  o.a.coyote.http11.Http11NioProtocol.log:173 - Stopping ProtocolHandler ["http-nio-8080"]
2026-04-13 15:02:27 [Thread-59] INFO  o.a.coyote.http11.Http11NioProtocol.log:173 - Destroying ProtocolHandler ["http-nio-8080"]
2026-04-13 15:02:27 [Thread-59] INFO  o.s.o.j.LocalContainerEntityManagerFactoryBean.destroy:651 - Closing JPA EntityManagerFactory for persistence unit 'default'
2026-04-13 15:02:27 [Thread-59] INFO  com.zaxxer.hikari.HikariDataSource.close:350 - HikariPool-12 - Shutdown initiated...
2026-04-13 15:02:27 [Thread-59] INFO  com.zaxxer.hikari.HikariDataSource.close:352 - HikariPool-12 - Shutdown completed.
2026-04-13 15:02:27 [restartedMain] INFO  c.example.spring1.Spring1Application.logStarting:55 - Starting Spring1Application using Java 1.8.0_202 on arkts开发 with PID 35052 (D:\Project\java-project\blog-demo\target\classes started by USER in D:\Project\java-project\blog-demo)
2026-04-13 15:02:27 [restartedMain] DEBUG c.example.spring1.Spring1Application.logStarting:56 - Running with Spring Boot v2.7.6, Spring v5.3.24
2026-04-13 15:02:27 [restartedMain] INFO  c.example.spring1.Spring1Application.logStartupProfileInfo:637 - The following 1 profile is active: "dev"
2026-04-13 15:02:28 [restartedMain] INFO  o.s.d.r.c.RepositoryConfigurationDelegate.registerRepositoriesIn:132 - Bootstrapping Spring Data JPA repositories in DEFAULT mode.
2026-04-13 15:02:28 [restartedMain] INFO  o.s.d.r.c.RepositoryConfigurationDelegate.registerRepositoriesIn:201 - Finished Spring Data repository scanning in 18 ms. Found 3 JPA repository interfaces.
2026-04-13 15:02:28 [restartedMain] INFO  o.s.b.w.e.tomcat.TomcatWebServer.initialize:108 - Tomcat initialized with port(s): 8080 (http)
2026-04-13 15:02:28 [restartedMain] INFO  o.a.coyote.http11.Http11NioProtocol.log:173 - Initializing ProtocolHandler ["http-nio-8080"]
2026-04-13 15:02:28 [restartedMain] INFO  o.a.catalina.core.StandardService.log:173 - Starting service [Tomcat]
2026-04-13 15:02:28 [restartedMain] INFO  o.a.catalina.core.StandardEngine.log:173 - Starting Servlet engine: [Apache Tomcat/9.0.69]
2026-04-13 15:02:28 [restartedMain] INFO  o.a.c.c.C.[.[localhost].[/api].log:173 - Initializing Spring embedded WebApplicationContext
2026-04-13 15:02:28 [restartedMain] INFO  o.s.b.w.s.c.ServletWebServerApplicationContext.prepareWebApplicationContext:292 - Root WebApplicationContext: initialization completed in 442 ms
2026-04-13 15:02:28 [restartedMain] DEBUG c.e.s.s.JwtAuthenticationFilter.init:242 - Filter 'jwtAuthenticationFilter' configured for use
2026-04-13 15:02:28 [restartedMain] INFO  com.zaxxer.hikari.HikariDataSource.getConnection:110 - HikariPool-13 - Starting...
2026-04-13 15:02:28 [restartedMain] INFO  com.zaxxer.hikari.HikariDataSource.getConnection:123 - HikariPool-13 - Start completed.
2026-04-13 15:02:28 [restartedMain] INFO  o.s.o.j.LocalContainerEntityManagerFactoryBean.buildNativeEntityManagerFactory:437 - Initialized JPA EntityManagerFactory for persistence unit 'default'
2026-04-13 15:02:28 [restartedMain] INFO  o.s.s.web.DefaultSecurityFilterChain.<init>:55 - Will secure any request with [org.springframework.security.web.session.DisableEncodeUrlFilter@75ae9324, org.springframework.security.web.context.request.async.WebAsyncManagerIntegrationFilter@22809ae5, org.springframework.security.web.context.SecurityContextPersistenceFilter@6ffc50c5, org.springframework.security.web.header.HeaderWriterFilter@2d193954, org.springframework.web.filter.CorsFilter@289b36f4, com.example.spring1.security.JwtAuthenticationFilter@af763a2, org.springframework.security.web.savedrequest.RequestCacheAwareFilter@5c427681, org.springframework.security.web.servletapi.SecurityContextHolderAwareRequestFilter@387527c4, org.springframework.security.web.authentication.AnonymousAuthenticationFilter@39e02698, org.springframework.security.web.session.SessionManagementFilter@5a335148, org.springframework.security.web.access.ExceptionTranslationFilter@7d79ce9d, org.springframework.security.web.access.intercept.FilterSecurityInterceptor@2927f00]
2026-04-13 15:02:28 [restartedMain] WARN  o.s.b.a.o.j.JpaBaseConfiguration$JpaWebConfiguration.openEntityManagerInViewInterceptor:219 - spring.jpa.open-in-view is enabled by default. Therefore, database queries may be performed during view rendering. Explicitly configure spring.jpa.open-in-view to disable this warning
2026-04-13 15:02:28 [restartedMain] INFO  o.s.b.a.w.s.WelcomePageHandlerMapping.<init>:53 - Adding welcome page: class path resource [static/index.html]
2026-04-13 15:02:28 [restartedMain] INFO  o.s.b.d.a.OptionalLiveReloadServer.startServer:59 - LiveReload server is running on port 35729
2026-04-13 15:02:28 [restartedMain] INFO  o.a.coyote.http11.Http11NioProtocol.log:173 - Starting ProtocolHandler ["http-nio-8080"]
2026-04-13 15:02:28 [restartedMain] INFO  o.s.b.w.e.tomcat.TomcatWebServer.start:220 - Tomcat started on port(s): 8080 (http) with context path '/api'
2026-04-13 15:02:28 [restartedMain] INFO  c.example.spring1.Spring1Application.logStarted:61 - Started Spring1Application in 0.952 seconds (JVM running for 3784.661)
2026-04-13 15:02:28 [restartedMain] INFO  o.s.b.d.a.ConditionEvaluationDeltaLoggingListener.onApplicationEvent:63 - Condition evaluation unchanged
2026-04-13 15:03:03 [http-nio-8080-exec-1] INFO  o.a.c.c.C.[.[localhost].[/api].log:173 - Initializing Spring DispatcherServlet 'dispatcherServlet'
2026-04-13 15:03:03 [http-nio-8080-exec-1] INFO  o.s.web.servlet.DispatcherServlet.initServletBean:525 - Initializing Servlet 'dispatcherServlet'
2026-04-13 15:03:03 [http-nio-8080-exec-1] INFO  o.s.web.servlet.DispatcherServlet.initServletBean:547 - Completed initialization in 1 ms
2026-04-13 15:07:48 [File Watcher] INFO  o.s.b.d.a.LocalDevToolsAutoConfiguration$RestartingClassPathChangeChangedEventListener.onApplicationEvent:213 - Restarting due to 22 class path changes (0 additions, 22 deletions, 0 modifications)
2026-04-13 15:07:49 [Thread-63] INFO  o.a.coyote.http11.Http11NioProtocol.log:173 - Pausing ProtocolHandler ["http-nio-8080"]
2026-04-13 15:07:49 [Thread-63] INFO  o.a.catalina.core.StandardService.log:173 - Stopping service [Tomcat]
2026-04-13 15:07:49 [Thread-63] INFO  o.a.c.c.C.[.[localhost].[/api].log:173 - Destroying Spring FrameworkServlet 'dispatcherServlet'
2026-04-13 15:07:49 [Thread-63] INFO  o.a.coyote.http11.Http11NioProtocol.log:173 - Stopping ProtocolHandler ["http-nio-8080"]
2026-04-13 15:07:49 [Thread-63] INFO  o.a.coyote.http11.Http11NioProtocol.log:173 - Destroying ProtocolHandler ["http-nio-8080"]
2026-04-13 15:07:49 [Thread-63] INFO  o.s.o.j.LocalContainerEntityManagerFactoryBean.destroy:651 - Closing JPA EntityManagerFactory for persistence unit 'default'
2026-04-13 15:07:49 [Thread-63] INFO  com.zaxxer.hikari.HikariDataSource.close:350 - HikariPool-13 - Shutdown initiated...
2026-04-13 15:07:49 [Thread-63] INFO  com.zaxxer.hikari.HikariDataSource.close:352 - HikariPool-13 - Shutdown completed.
2026-04-13 15:07:49 [restartedMain] INFO  c.example.spring1.Spring1Application.logStarting:55 - Starting Spring1Application using Java 1.8.0_202 on arkts开发 with PID 35052 (D:\Project\java-project\blog-demo\target\classes started by USER in D:\Project\java-project\blog-demo)
2026-04-13 15:07:49 [restartedMain] DEBUG c.example.spring1.Spring1Application.logStarting:56 - Running with Spring Boot v2.7.6, Spring v5.3.24
2026-04-13 15:07:49 [restartedMain] INFO  c.example.spring1.Spring1Application.logStartupProfileInfo:637 - The following 1 profile is active: "dev"
2026-04-13 15:07:49 [restartedMain] INFO  o.s.d.r.c.RepositoryConfigurationDelegate.registerRepositoriesIn:132 - Bootstrapping Spring Data JPA repositories in DEFAULT mode.
2026-04-13 15:07:49 [restartedMain] INFO  o.s.d.r.c.RepositoryConfigurationDelegate.registerRepositoriesIn:201 - Finished Spring Data repository scanning in 12 ms. Found 2 JPA repository interfaces.
2026-04-13 15:07:49 [restartedMain] INFO  o.s.b.w.e.tomcat.TomcatWebServer.initialize:108 - Tomcat initialized with port(s): 8080 (http)
2026-04-13 15:07:49 [restartedMain] INFO  o.a.coyote.http11.Http11NioProtocol.log:173 - Initializing ProtocolHandler ["http-nio-8080"]
2026-04-13 15:07:49 [restartedMain] INFO  o.a.catalina.core.StandardService.log:173 - Starting service [Tomcat]
2026-04-13 15:07:49 [restartedMain] INFO  o.a.catalina.core.StandardEngine.log:173 - Starting Servlet engine: [Apache Tomcat/9.0.69]
2026-04-13 15:07:49 [restartedMain] INFO  o.a.c.c.C.[.[localhost].[/api].log:173 - Initializing Spring embedded WebApplicationContext
2026-04-13 15:07:49 [restartedMain] INFO  o.s.b.w.s.c.ServletWebServerApplicationContext.prepareWebApplicationContext:292 - Root WebApplicationContext: initialization completed in 495 ms
2026-04-13 15:07:49 [restartedMain] INFO  com.zaxxer.hikari.HikariDataSource.getConnection:110 - HikariPool-14 - Starting...
2026-04-13 15:07:49 [restartedMain] INFO  com.zaxxer.hikari.HikariDataSource.getConnection:123 - HikariPool-14 - Start completed.
2026-04-13 15:07:49 [restartedMain] INFO  o.s.o.j.LocalContainerEntityManagerFactoryBean.buildNativeEntityManagerFactory:437 - Initialized JPA EntityManagerFactory for persistence unit 'default'
2026-04-13 15:07:49 [restartedMain] WARN  o.s.b.w.s.c.AnnotationConfigServletWebServerApplicationContext.refresh:591 - Exception encountered during context initialization - cancelling refresh attempt: org.springframework.beans.factory.BeanCreationException: Error creating bean with name 'authController' defined in file [D:\Project\java-project\blog-demo\target\classes\com\example\spring1\controller\AuthController.class]: Post-processing of merged bean definition failed; nested exception is java.lang.IllegalStateException: Failed to introspect Class [com.example.spring1.controller.AuthController] from ClassLoader [org.springframework.boot.devtools.restart.classloader.RestartClassLoader@705cdff1]
2026-04-13 15:07:49 [restartedMain] INFO  o.s.o.j.LocalContainerEntityManagerFactoryBean.destroy:651 - Closing JPA EntityManagerFactory for persistence unit 'default'
2026-04-13 15:07:49 [restartedMain] INFO  com.zaxxer.hikari.HikariDataSource.close:350 - HikariPool-14 - Shutdown initiated...
2026-04-13 15:07:49 [restartedMain] INFO  com.zaxxer.hikari.HikariDataSource.close:352 - HikariPool-14 - Shutdown completed.
2026-04-13 15:07:49 [restartedMain] INFO  o.a.catalina.core.StandardService.log:173 - Stopping service [Tomcat]
2026-04-13 15:07:50 [restartedMain] INFO  o.s.b.a.l.ConditionEvaluationReportLoggingListener.logMessage:136 - 

Error starting ApplicationContext. To display the conditions report re-run your application with 'debug' enabled.
2026-04-13 15:07:50 [restartedMain] ERROR o.s.boot.SpringApplication.reportFailure:821 - Application run failed
org.springframework.beans.factory.BeanCreationException: Error creating bean with name 'authController' defined in file [D:\Project\java-project\blog-demo\target\classes\com\example\spring1\controller\AuthController.class]: Post-processing of merged bean definition failed; nested exception is java.lang.IllegalStateException: Failed to introspect Class [com.example.spring1.controller.AuthController] from ClassLoader [org.springframework.boot.devtools.restart.classloader.RestartClassLoader@705cdff1]
	at org.springframework.beans.factory.support.AbstractAutowireCapableBeanFactory.doCreateBean(AbstractAutowireCapableBeanFactory.java:597)
	at org.springframework.beans.factory.support.AbstractAutowireCapableBeanFactory.createBean(AbstractAutowireCapableBeanFactory.java:542)
	at org.springframework.beans.factory.support.AbstractBeanFactory.lambda$doGetBean$0(AbstractBeanFactory.java:335)
	at org.springframework.beans.factory.support.DefaultSingletonBeanRegistry.getSingleton(DefaultSingletonBeanRegistry.java:234)
	at org.springframework.beans.factory.support.AbstractBeanFactory.doGetBean(AbstractBeanFactory.java:333)
	at org.springframework.beans.factory.support.AbstractBeanFactory.getBean(AbstractBeanFactory.java:208)
	at org.springframework.beans.factory.support.DefaultListableBeanFactory.preInstantiateSingletons(DefaultListableBeanFactory.java:955)
	at org.springframework.context.support.AbstractApplicationContext.finishBeanFactoryInitialization(AbstractApplicationContext.java:918)
	at org.springframework.context.support.AbstractApplicationContext.refresh(AbstractApplicationContext.java:583)
	at org.springframework.boot.web.servlet.context.ServletWebServerApplicationContext.refresh(ServletWebServerApplicationContext.java:147)
	at org.springframework.boot.SpringApplication.refresh(SpringApplication.java:731)
	at org.springframework.boot.SpringApplication.refreshContext(SpringApplication.java:408)
	at org.springframework.boot.SpringApplication.run(SpringApplication.java:307)
	at org.springframework.boot.SpringApplication.run(SpringApplication.java:1303)
	at org.springframework.boot.SpringApplication.run(SpringApplication.java:1292)
	at com.example.spring1.Spring1Application.main(Spring1Application.java:10)
	at sun.reflect.NativeMethodAccessorImpl.invoke0(Native Method)
	at sun.reflect.NativeMethodAccessorImpl.invoke(NativeMethodAccessorImpl.java:62)
	at sun.reflect.DelegatingMethodAccessorImpl.invoke(DelegatingMethodAccessorImpl.java:43)
	at java.lang.reflect.Method.invoke(Method.java:498)
	at org.springframework.boot.devtools.restart.RestartLauncher.run(RestartLauncher.java:49)
Caused by: java.lang.IllegalStateException: Failed to introspect Class [com.example.spring1.controller.AuthController] from ClassLoader [org.springframework.boot.devtools.restart.classloader.RestartClassLoader@705cdff1]
	at org.springframework.util.ReflectionUtils.getDeclaredFields(ReflectionUtils.java:743)
	at org.springframework.util.ReflectionUtils.doWithLocalFields(ReflectionUtils.java:675)
	at org.springframework.orm.jpa.support.PersistenceAnnotationBeanPostProcessor.buildPersistenceMetadata(PersistenceAnnotationBeanPostProcessor.java:407)
	at org.springframework.orm.jpa.support.PersistenceAnnotationBeanPostProcessor.findPersistenceMetadata(PersistenceAnnotationBeanPostProcessor.java:388)
	at org.springframework.orm.jpa.support.PersistenceAnnotationBeanPostProcessor.postProcessMergedBeanDefinition(PersistenceAnnotationBeanPostProcessor.java:335)
	at org.springframework.beans.factory.support.AbstractAutowireCapableBeanFactory.applyMergedBeanDefinitionPostProcessors(AbstractAutowireCapableBeanFactory.java:1116)
	at org.springframework.beans.factory.support.AbstractAutowireCapableBeanFactory.doCreateBean(AbstractAutowireCapableBeanFactory.java:594)
	... 20 common frames omitted
Caused by: java.lang.NoClassDefFoundError: Lcom/example/spring1/service/AuthService;
	at java.lang.Class.getDeclaredFields0(Native Method)
	at java.lang.Class.privateGetDeclaredFields(Class.java:2583)
	at java.lang.Class.getDeclaredFields(Class.java:1916)
	at org.springframework.util.ReflectionUtils.getDeclaredFields(ReflectionUtils.java:738)
	... 26 common frames omitted
Caused by: java.lang.ClassNotFoundException: com.example.spring1.service.AuthService
	at java.net.URLClassLoader.findClass(URLClassLoader.java:382)
	at java.lang.ClassLoader.loadClass(ClassLoader.java:424)
	at sun.misc.Launcher$AppClassLoader.loadClass(Launcher.java:349)
	at java.lang.ClassLoader.loadClass(ClassLoader.java:357)
	at java.lang.Class.forName0(Native Method)
	at java.lang.Class.forName(Class.java:348)
	at org.springframework.boot.devtools.restart.classloader.RestartClassLoader.loadClass(RestartClassLoader.java:145)
	at java.lang.ClassLoader.loadClass(ClassLoader.java:357)
	... 30 common frames omitted
2026-04-13 15:07:51 [restartedMain] INFO  c.example.spring1.Spring1Application.logStarting:55 - Starting Spring1Application using Java 1.8.0_202 on arkts开发 with PID 35052 (D:\Project\java-project\blog-demo\target\classes started by USER in D:\Project\java-project\blog-demo)
2026-04-13 15:07:51 [restartedMain] DEBUG c.example.spring1.Spring1Application.logStarting:56 - Running with Spring Boot v2.7.6, Spring v5.3.24
2026-04-13 15:07:51 [restartedMain] INFO  c.example.spring1.Spring1Application.logStartupProfileInfo:637 - The following 1 profile is active: "dev"
2026-04-13 15:07:52 [restartedMain] INFO  o.s.d.r.c.RepositoryConfigurationDelegate.registerRepositoriesIn:132 - Bootstrapping Spring Data JPA repositories in DEFAULT mode.
2026-04-13 15:07:52 [restartedMain] INFO  o.s.d.r.c.RepositoryConfigurationDelegate.registerRepositoriesIn:201 - Finished Spring Data repository scanning in 24 ms. Found 5 JPA repository interfaces.
2026-04-13 15:07:52 [restartedMain] INFO  o.s.b.w.e.tomcat.TomcatWebServer.initialize:108 - Tomcat initialized with port(s): 8080 (http)
2026-04-13 15:07:52 [restartedMain] INFO  o.a.coyote.http11.Http11NioProtocol.log:173 - Initializing ProtocolHandler ["http-nio-8080"]
2026-04-13 15:07:52 [restartedMain] INFO  o.a.catalina.core.StandardService.log:173 - Starting service [Tomcat]
2026-04-13 15:07:52 [restartedMain] INFO  o.a.catalina.core.StandardEngine.log:173 - Starting Servlet engine: [Apache Tomcat/9.0.69]
2026-04-13 15:07:52 [restartedMain] INFO  o.a.c.c.C.[.[localhost].[/api].log:173 - Initializing Spring embedded WebApplicationContext
2026-04-13 15:07:52 [restartedMain] INFO  o.s.b.w.s.c.ServletWebServerApplicationContext.prepareWebApplicationContext:292 - Root WebApplicationContext: initialization completed in 675 ms
2026-04-13 15:07:52 [restartedMain] DEBUG c.e.s.s.JwtAuthenticationFilter.init:242 - Filter 'jwtAuthenticationFilter' configured for use
2026-04-13 15:07:52 [restartedMain] INFO  com.zaxxer.hikari.HikariDataSource.getConnection:110 - HikariPool-15 - Starting...
2026-04-13 15:07:52 [restartedMain] INFO  com.zaxxer.hikari.HikariDataSource.getConnection:123 - HikariPool-15 - Start completed.
2026-04-13 15:07:52 [restartedMain] INFO  o.s.o.j.LocalContainerEntityManagerFactoryBean.buildNativeEntityManagerFactory:437 - Initialized JPA EntityManagerFactory for persistence unit 'default'
2026-04-13 15:07:52 [restartedMain] INFO  o.s.s.web.DefaultSecurityFilterChain.<init>:55 - Will secure any request with [org.springframework.security.web.session.DisableEncodeUrlFilter@7a95100b, org.springframework.security.web.context.request.async.WebAsyncManagerIntegrationFilter@1f941e01, org.springframework.security.web.context.SecurityContextPersistenceFilter@27e840f6, org.springframework.security.web.header.HeaderWriterFilter@1e6a4fd, org.springframework.web.filter.CorsFilter@271bdd84, com.example.spring1.security.JwtAuthenticationFilter@b5a385c, org.springframework.security.web.savedrequest.RequestCacheAwareFilter@77df692, org.springframework.security.web.servletapi.SecurityContextHolderAwareRequestFilter@33087bcc, org.springframework.security.web.authentication.AnonymousAuthenticationFilter@13eb94e3, org.springframework.security.web.session.SessionManagementFilter@6ecba2ad, org.springframework.security.web.access.ExceptionTranslationFilter@4f0de70e, org.springframework.security.web.access.intercept.FilterSecurityInterceptor@574c711d]
2026-04-13 15:07:52 [restartedMain] WARN  o.s.b.a.o.j.JpaBaseConfiguration$JpaWebConfiguration.openEntityManagerInViewInterceptor:219 - spring.jpa.open-in-view is enabled by default. Therefore, database queries may be performed during view rendering. Explicitly configure spring.jpa.open-in-view to disable this warning
2026-04-13 15:07:52 [restartedMain] INFO  o.s.b.a.w.s.WelcomePageHandlerMapping.<init>:53 - Adding welcome page: class path resource [static/index.html]
2026-04-13 15:07:53 [restartedMain] INFO  o.s.b.d.a.OptionalLiveReloadServer.startServer:59 - LiveReload server is running on port 35729
2026-04-13 15:07:53 [restartedMain] INFO  o.a.coyote.http11.Http11NioProtocol.log:173 - Starting ProtocolHandler ["http-nio-8080"]
2026-04-13 15:07:53 [restartedMain] INFO  o.s.b.w.e.tomcat.TomcatWebServer.start:220 - Tomcat started on port(s): 8080 (http) with context path '/api'
2026-04-13 15:07:53 [restartedMain] INFO  c.example.spring1.Spring1Application.logStarted:61 - Started Spring1Application in 1.638 seconds (JVM running for 4108.933)
2026-04-13 15:07:53 [restartedMain] INFO  o.s.b.d.a.ConditionEvaluationDeltaLoggingListener.onApplicationEvent:63 - Condition evaluation unchanged
2026-04-13 15:08:19 [File Watcher] INFO  o.s.b.d.a.LocalDevToolsAutoConfiguration$RestartingClassPathChangeChangedEventListener.onApplicationEvent:213 - Restarting due to 3 class path changes (0 additions, 3 deletions, 0 modifications)
2026-04-13 15:08:19 [Thread-67] INFO  o.a.coyote.http11.Http11NioProtocol.log:173 - Pausing ProtocolHandler ["http-nio-8080"]
2026-04-13 15:08:19 [Thread-67] INFO  o.a.catalina.core.StandardService.log:173 - Stopping service [Tomcat]
2026-04-13 15:08:19 [Thread-67] INFO  o.a.coyote.http11.Http11NioProtocol.log:173 - Stopping ProtocolHandler ["http-nio-8080"]
2026-04-13 15:08:19 [Thread-67] INFO  o.a.coyote.http11.Http11NioProtocol.log:173 - Destroying ProtocolHandler ["http-nio-8080"]
2026-04-13 15:08:19 [Thread-67] INFO  o.s.o.j.LocalContainerEntityManagerFactoryBean.destroy:651 - Closing JPA EntityManagerFactory for persistence unit 'default'
2026-04-13 15:08:19 [Thread-67] INFO  com.zaxxer.hikari.HikariDataSource.close:350 - HikariPool-15 - Shutdown initiated...
2026-04-13 15:08:19 [Thread-67] INFO  com.zaxxer.hikari.HikariDataSource.close:352 - HikariPool-15 - Shutdown completed.
2026-04-13 15:08:19 [restartedMain] INFO  c.example.spring1.Spring1Application.logStarting:55 - Starting Spring1Application using Java 1.8.0_202 on arkts开发 with PID 35052 (D:\Project\java-project\blog-demo\target\classes started by USER in D:\Project\java-project\blog-demo)
2026-04-13 15:08:19 [restartedMain] DEBUG c.example.spring1.Spring1Application.logStarting:56 - Running with Spring Boot v2.7.6, Spring v5.3.24
2026-04-13 15:08:19 [restartedMain] INFO  c.example.spring1.Spring1Application.logStartupProfileInfo:637 - The following 1 profile is active: "dev"
2026-04-13 15:08:19 [restartedMain] INFO  o.s.d.r.c.RepositoryConfigurationDelegate.registerRepositoriesIn:132 - Bootstrapping Spring Data JPA repositories in DEFAULT mode.
2026-04-13 15:08:19 [restartedMain] INFO  o.s.d.r.c.RepositoryConfigurationDelegate.registerRepositoriesIn:201 - Finished Spring Data repository scanning in 10 ms. Found 5 JPA repository interfaces.
2026-04-13 15:08:19 [restartedMain] INFO  o.s.b.w.e.tomcat.TomcatWebServer.initialize:108 - Tomcat initialized with port(s): 8080 (http)
2026-04-13 15:08:19 [restartedMain] INFO  o.a.coyote.http11.Http11NioProtocol.log:173 - Initializing ProtocolHandler ["http-nio-8080"]
2026-04-13 15:08:19 [restartedMain] INFO  o.a.catalina.core.StandardService.log:173 - Starting service [Tomcat]
2026-04-13 15:08:19 [restartedMain] INFO  o.a.catalina.core.StandardEngine.log:173 - Starting Servlet engine: [Apache Tomcat/9.0.69]
2026-04-13 15:08:19 [restartedMain] INFO  o.a.c.c.C.[.[localhost].[/api].log:173 - Initializing Spring embedded WebApplicationContext
2026-04-13 15:08:19 [restartedMain] INFO  o.s.b.w.s.c.ServletWebServerApplicationContext.prepareWebApplicationContext:292 - Root WebApplicationContext: initialization completed in 238 ms
2026-04-13 15:08:19 [restartedMain] DEBUG c.e.s.s.JwtAuthenticationFilter.init:242 - Filter 'jwtAuthenticationFilter' configured for use
2026-04-13 15:08:19 [restartedMain] INFO  com.zaxxer.hikari.HikariDataSource.getConnection:110 - HikariPool-16 - Starting...
2026-04-13 15:08:19 [restartedMain] INFO  com.zaxxer.hikari.HikariDataSource.getConnection:123 - HikariPool-16 - Start completed.
2026-04-13 15:08:19 [restartedMain] INFO  o.s.o.j.LocalContainerEntityManagerFactoryBean.buildNativeEntityManagerFactory:437 - Initialized JPA EntityManagerFactory for persistence unit 'default'
2026-04-13 15:08:19 [restartedMain] INFO  o.s.s.web.DefaultSecurityFilterChain.<init>:55 - Will secure any request with [org.springframework.security.web.session.DisableEncodeUrlFilter@bee7514, org.springframework.security.web.context.request.async.WebAsyncManagerIntegrationFilter@209d31d2, org.springframework.security.web.context.SecurityContextPersistenceFilter@64a3cc74, org.springframework.security.web.header.HeaderWriterFilter@309e05ae, org.springframework.web.filter.CorsFilter@398bbb1d, com.example.spring1.security.JwtAuthenticationFilter@48a5c44, org.springframework.security.web.savedrequest.RequestCacheAwareFilter@3f7d9bb3, org.springframework.security.web.servletapi.SecurityContextHolderAwareRequestFilter@7f0e5a87, org.springframework.security.web.authentication.AnonymousAuthenticationFilter@465e9322, org.springframework.security.web.session.SessionManagementFilter@48dbdfc8, org.springframework.security.web.access.ExceptionTranslationFilter@5631b68d, org.springframework.security.web.access.intercept.FilterSecurityInterceptor@4946dd8b]
2026-04-13 15:08:19 [restartedMain] WARN  o.s.b.a.o.j.JpaBaseConfiguration$JpaWebConfiguration.openEntityManagerInViewInterceptor:219 - spring.jpa.open-in-view is enabled by default. Therefore, database queries may be performed during view rendering. Explicitly configure spring.jpa.open-in-view to disable this warning
2026-04-13 15:08:19 [restartedMain] INFO  o.s.b.a.w.s.WelcomePageHandlerMapping.<init>:53 - Adding welcome page: class path resource [static/index.html]
2026-04-13 15:08:20 [restartedMain] INFO  o.s.b.d.a.OptionalLiveReloadServer.startServer:59 - LiveReload server is running on port 35729
2026-04-13 15:08:20 [restartedMain] INFO  o.a.coyote.http11.Http11NioProtocol.log:173 - Starting ProtocolHandler ["http-nio-8080"]
2026-04-13 15:08:20 [restartedMain] INFO  o.s.b.w.e.tomcat.TomcatWebServer.start:220 - Tomcat started on port(s): 8080 (http) with context path '/api'
2026-04-13 15:08:20 [restartedMain] INFO  c.example.spring1.Spring1Application.logStarted:61 - Started Spring1Application in 0.685 seconds (JVM running for 4136.004)
2026-04-13 15:08:20 [restartedMain] INFO  o.s.b.d.a.ConditionEvaluationDeltaLoggingListener.onApplicationEvent:63 - Condition evaluation unchanged
2026-04-13 15:08:24 [http-nio-8080-exec-1] INFO  o.a.c.c.C.[.[localhost].[/api].log:173 - Initializing Spring DispatcherServlet 'dispatcherServlet'
2026-04-13 15:08:24 [http-nio-8080-exec-1] INFO  o.s.web.servlet.DispatcherServlet.initServletBean:525 - Initializing Servlet 'dispatcherServlet'
2026-04-13 15:08:24 [http-nio-8080-exec-1] INFO  o.s.web.servlet.DispatcherServlet.initServletBean:547 - Completed initialization in 1 ms
2026-04-13 15:12:55 [File Watcher] INFO  o.s.b.d.a.LocalDevToolsAutoConfiguration$RestartingClassPathChangeChangedEventListener.onApplicationEvent:213 - Restarting due to 33 class path changes (0 additions, 33 deletions, 0 modifications)
2026-04-13 15:12:55 [Thread-74] INFO  o.a.coyote.http11.Http11NioProtocol.log:173 - Pausing ProtocolHandler ["http-nio-8080"]
2026-04-13 15:12:55 [Thread-74] INFO  o.a.catalina.core.StandardService.log:173 - Stopping service [Tomcat]
2026-04-13 15:12:55 [Thread-74] INFO  o.a.c.c.C.[.[localhost].[/api].log:173 - Destroying Spring FrameworkServlet 'dispatcherServlet'
2026-04-13 15:12:55 [Thread-74] INFO  o.a.coyote.http11.Http11NioProtocol.log:173 - Stopping ProtocolHandler ["http-nio-8080"]
2026-04-13 15:12:55 [Thread-74] INFO  o.a.coyote.http11.Http11NioProtocol.log:173 - Destroying ProtocolHandler ["http-nio-8080"]
2026-04-13 15:12:55 [Thread-74] INFO  o.s.o.j.LocalContainerEntityManagerFactoryBean.destroy:651 - Closing JPA EntityManagerFactory for persistence unit 'default'
2026-04-13 15:12:55 [Thread-74] INFO  com.zaxxer.hikari.HikariDataSource.close:350 - HikariPool-16 - Shutdown initiated...
2026-04-13 15:12:55 [Thread-74] INFO  com.zaxxer.hikari.HikariDataSource.close:352 - HikariPool-16 - Shutdown completed.
2026-04-13 15:12:55 [restartedMain] INFO  c.example.spring1.Spring1Application.logStarting:55 - Starting Spring1Application using Java 1.8.0_202 on arkts开发 with PID 35052 (D:\Project\java-project\blog-demo\target\classes started by USER in D:\Project\java-project\blog-demo)
2026-04-13 15:12:55 [restartedMain] DEBUG c.example.spring1.Spring1Application.logStarting:56 - Running with Spring Boot v2.7.6, Spring v5.3.24
2026-04-13 15:12:55 [restartedMain] INFO  c.example.spring1.Spring1Application.logStartupProfileInfo:637 - The following 1 profile is active: "dev"
2026-04-13 15:12:56 [restartedMain] INFO  o.s.d.r.c.RepositoryConfigurationDelegate.registerRepositoriesIn:132 - Bootstrapping Spring Data JPA repositories in DEFAULT mode.
2026-04-13 15:12:56 [restartedMain] INFO  o.s.d.r.c.RepositoryConfigurationDelegate.registerRepositoriesIn:201 - Finished Spring Data repository scanning in 13 ms. Found 2 JPA repository interfaces.
2026-04-13 15:12:56 [restartedMain] INFO  o.s.b.w.e.tomcat.TomcatWebServer.initialize:108 - Tomcat initialized with port(s): 8080 (http)
2026-04-13 15:12:56 [restartedMain] INFO  o.a.coyote.http11.Http11NioProtocol.log:173 - Initializing ProtocolHandler ["http-nio-8080"]
2026-04-13 15:12:56 [restartedMain] INFO  o.a.catalina.core.StandardService.log:173 - Starting service [Tomcat]
2026-04-13 15:12:56 [restartedMain] INFO  o.a.catalina.core.StandardEngine.log:173 - Starting Servlet engine: [Apache Tomcat/9.0.69]
2026-04-13 15:12:56 [restartedMain] INFO  o.a.c.c.C.[.[localhost].[/api].log:173 - Initializing Spring embedded WebApplicationContext
2026-04-13 15:12:56 [restartedMain] INFO  o.s.b.w.s.c.ServletWebServerApplicationContext.prepareWebApplicationContext:292 - Root WebApplicationContext: initialization completed in 439 ms
2026-04-13 15:12:56 [restartedMain] INFO  com.zaxxer.hikari.HikariDataSource.getConnection:110 - HikariPool-17 - Starting...
2026-04-13 15:12:56 [restartedMain] INFO  com.zaxxer.hikari.HikariDataSource.getConnection:123 - HikariPool-17 - Start completed.
2026-04-13 15:12:56 [restartedMain] INFO  o.s.o.j.LocalContainerEntityManagerFactoryBean.buildNativeEntityManagerFactory:437 - Initialized JPA EntityManagerFactory for persistence unit 'default'
2026-04-13 15:12:56 [restartedMain] WARN  o.s.b.w.s.c.AnnotationConfigServletWebServerApplicationContext.refresh:591 - Exception encountered during context initialization - cancelling refresh attempt: org.springframework.beans.factory.BeanCreationException: Error creating bean with name 'authController' defined in file [D:\Project\java-project\blog-demo\target\classes\com\example\spring1\controller\AuthController.class]: Post-processing of merged bean definition failed; nested exception is java.lang.IllegalStateException: Failed to introspect Class [com.example.spring1.controller.AuthController] from ClassLoader [org.springframework.boot.devtools.restart.classloader.RestartClassLoader@5cf078ea]
2026-04-13 15:12:56 [restartedMain] INFO  o.s.o.j.LocalContainerEntityManagerFactoryBean.destroy:651 - Closing JPA EntityManagerFactory for persistence unit 'default'
2026-04-13 15:12:56 [restartedMain] INFO  com.zaxxer.hikari.HikariDataSource.close:350 - HikariPool-17 - Shutdown initiated...
2026-04-13 15:12:56 [restartedMain] INFO  com.zaxxer.hikari.HikariDataSource.close:352 - HikariPool-17 - Shutdown completed.
2026-04-13 15:12:56 [restartedMain] INFO  o.a.catalina.core.StandardService.log:173 - Stopping service [Tomcat]
2026-04-13 15:12:56 [restartedMain] INFO  o.s.b.a.l.ConditionEvaluationReportLoggingListener.logMessage:136 - 

Error starting ApplicationContext. To display the conditions report re-run your application with 'debug' enabled.
2026-04-13 15:12:56 [restartedMain] ERROR o.s.boot.SpringApplication.reportFailure:821 - Application run failed
org.springframework.beans.factory.BeanCreationException: Error creating bean with name 'authController' defined in file [D:\Project\java-project\blog-demo\target\classes\com\example\spring1\controller\AuthController.class]: Post-processing of merged bean definition failed; nested exception is java.lang.IllegalStateException: Failed to introspect Class [com.example.spring1.controller.AuthController] from ClassLoader [org.springframework.boot.devtools.restart.classloader.RestartClassLoader@5cf078ea]
	at org.springframework.beans.factory.support.AbstractAutowireCapableBeanFactory.doCreateBean(AbstractAutowireCapableBeanFactory.java:597)
	at org.springframework.beans.factory.support.AbstractAutowireCapableBeanFactory.createBean(AbstractAutowireCapableBeanFactory.java:542)
	at org.springframework.beans.factory.support.AbstractBeanFactory.lambda$doGetBean$0(AbstractBeanFactory.java:335)
	at org.springframework.beans.factory.support.DefaultSingletonBeanRegistry.getSingleton(DefaultSingletonBeanRegistry.java:234)
	at org.springframework.beans.factory.support.AbstractBeanFactory.doGetBean(AbstractBeanFactory.java:333)
	at org.springframework.beans.factory.support.AbstractBeanFactory.getBean(AbstractBeanFactory.java:208)
	at org.springframework.beans.factory.support.DefaultListableBeanFactory.preInstantiateSingletons(DefaultListableBeanFactory.java:955)
	at org.springframework.context.support.AbstractApplicationContext.finishBeanFactoryInitialization(AbstractApplicationContext.java:918)
	at org.springframework.context.support.AbstractApplicationContext.refresh(AbstractApplicationContext.java:583)
	at org.springframework.boot.web.servlet.context.ServletWebServerApplicationContext.refresh(ServletWebServerApplicationContext.java:147)
	at org.springframework.boot.SpringApplication.refresh(SpringApplication.java:731)
	at org.springframework.boot.SpringApplication.refreshContext(SpringApplication.java:408)
	at org.springframework.boot.SpringApplication.run(SpringApplication.java:307)
	at org.springframework.boot.SpringApplication.run(SpringApplication.java:1303)
	at org.springframework.boot.SpringApplication.run(SpringApplication.java:1292)
	at com.example.spring1.Spring1Application.main(Spring1Application.java:10)
	at sun.reflect.NativeMethodAccessorImpl.invoke0(Native Method)
	at sun.reflect.NativeMethodAccessorImpl.invoke(NativeMethodAccessorImpl.java:62)
	at sun.reflect.DelegatingMethodAccessorImpl.invoke(DelegatingMethodAccessorImpl.java:43)
	at java.lang.reflect.Method.invoke(Method.java:498)
	at org.springframework.boot.devtools.restart.RestartLauncher.run(RestartLauncher.java:49)
Caused by: java.lang.IllegalStateException: Failed to introspect Class [com.example.spring1.controller.AuthController] from ClassLoader [org.springframework.boot.devtools.restart.classloader.RestartClassLoader@5cf078ea]
	at org.springframework.util.ReflectionUtils.getDeclaredFields(ReflectionUtils.java:743)
	at org.springframework.util.ReflectionUtils.doWithLocalFields(ReflectionUtils.java:675)
	at org.springframework.orm.jpa.support.PersistenceAnnotationBeanPostProcessor.buildPersistenceMetadata(PersistenceAnnotationBeanPostProcessor.java:407)
	at org.springframework.orm.jpa.support.PersistenceAnnotationBeanPostProcessor.findPersistenceMetadata(PersistenceAnnotationBeanPostProcessor.java:388)
	at org.springframework.orm.jpa.support.PersistenceAnnotationBeanPostProcessor.postProcessMergedBeanDefinition(PersistenceAnnotationBeanPostProcessor.java:335)
	at org.springframework.beans.factory.support.AbstractAutowireCapableBeanFactory.applyMergedBeanDefinitionPostProcessors(AbstractAutowireCapableBeanFactory.java:1116)
	at org.springframework.beans.factory.support.AbstractAutowireCapableBeanFactory.doCreateBean(AbstractAutowireCapableBeanFactory.java:594)
	... 20 common frames omitted
Caused by: java.lang.NoClassDefFoundError: Lcom/example/spring1/service/AuthService;
	at java.lang.Class.getDeclaredFields0(Native Method)
	at java.lang.Class.privateGetDeclaredFields(Class.java:2583)
	at java.lang.Class.getDeclaredFields(Class.java:1916)
	at org.springframework.util.ReflectionUtils.getDeclaredFields(ReflectionUtils.java:738)
	... 26 common frames omitted
Caused by: java.lang.ClassNotFoundException: com.example.spring1.service.AuthService
	at java.net.URLClassLoader.findClass(URLClassLoader.java:382)
	at java.lang.ClassLoader.loadClass(ClassLoader.java:424)
	at sun.misc.Launcher$AppClassLoader.loadClass(Launcher.java:349)
	at java.lang.ClassLoader.loadClass(ClassLoader.java:357)
	at java.lang.Class.forName0(Native Method)
	at java.lang.Class.forName(Class.java:348)
	at org.springframework.boot.devtools.restart.classloader.RestartClassLoader.loadClass(RestartClassLoader.java:145)
	at java.lang.ClassLoader.loadClass(ClassLoader.java:357)
	... 30 common frames omitted
2026-04-13 15:12:57 [restartedMain] INFO  c.example.spring1.Spring1Application.logStarting:55 - Starting Spring1Application using Java 1.8.0_202 on arkts开发 with PID 35052 (D:\Project\java-project\blog-demo\target\classes started by USER in D:\Project\java-project\blog-demo)
2026-04-13 15:12:57 [restartedMain] DEBUG c.example.spring1.Spring1Application.logStarting:56 - Running with Spring Boot v2.7.6, Spring v5.3.24
2026-04-13 15:12:57 [restartedMain] INFO  c.example.spring1.Spring1Application.logStartupProfileInfo:637 - The following 1 profile is active: "dev"
2026-04-13 15:12:58 [restartedMain] INFO  o.s.d.r.c.RepositoryConfigurationDelegate.registerRepositoriesIn:132 - Bootstrapping Spring Data JPA repositories in DEFAULT mode.
2026-04-13 15:12:58 [restartedMain] INFO  o.s.d.r.c.RepositoryConfigurationDelegate.registerRepositoriesIn:201 - Finished Spring Data repository scanning in 22 ms. Found 5 JPA repository interfaces.
2026-04-13 15:12:58 [restartedMain] INFO  o.s.b.w.e.tomcat.TomcatWebServer.initialize:108 - Tomcat initialized with port(s): 8080 (http)
2026-04-13 15:12:58 [restartedMain] INFO  o.a.coyote.http11.Http11NioProtocol.log:173 - Initializing ProtocolHandler ["http-nio-8080"]
2026-04-13 15:12:58 [restartedMain] INFO  o.a.catalina.core.StandardService.log:173 - Starting service [Tomcat]
2026-04-13 15:12:58 [restartedMain] INFO  o.a.catalina.core.StandardEngine.log:173 - Starting Servlet engine: [Apache Tomcat/9.0.69]
2026-04-13 15:12:58 [restartedMain] INFO  o.a.c.c.C.[.[localhost].[/api].log:173 - Initializing Spring embedded WebApplicationContext
2026-04-13 15:12:58 [restartedMain] INFO  o.s.b.w.s.c.ServletWebServerApplicationContext.prepareWebApplicationContext:292 - Root WebApplicationContext: initialization completed in 454 ms
2026-04-13 15:12:58 [restartedMain] DEBUG c.e.s.s.JwtAuthenticationFilter.init:242 - Filter 'jwtAuthenticationFilter' configured for use
2026-04-13 15:12:58 [restartedMain] INFO  com.zaxxer.hikari.HikariDataSource.getConnection:110 - HikariPool-18 - Starting...
2026-04-13 15:12:58 [restartedMain] INFO  com.zaxxer.hikari.HikariDataSource.getConnection:123 - HikariPool-18 - Start completed.
2026-04-13 15:12:58 [restartedMain] INFO  o.s.o.j.LocalContainerEntityManagerFactoryBean.buildNativeEntityManagerFactory:437 - Initialized JPA EntityManagerFactory for persistence unit 'default'
2026-04-13 15:12:58 [restartedMain] INFO  o.s.s.web.DefaultSecurityFilterChain.<init>:55 - Will secure any request with [org.springframework.security.web.session.DisableEncodeUrlFilter@13637fcb, org.springframework.security.web.context.request.async.WebAsyncManagerIntegrationFilter@2eb2b225, org.springframework.security.web.context.SecurityContextPersistenceFilter@a8216ee, org.springframework.security.web.header.HeaderWriterFilter@4772d62f, org.springframework.web.filter.CorsFilter@4ece26ff, com.example.spring1.security.JwtAuthenticationFilter@28cb7715, org.springframework.security.web.savedrequest.RequestCacheAwareFilter@1b08ce2e, org.springframework.security.web.servletapi.SecurityContextHolderAwareRequestFilter@4a9ab0ce, org.springframework.security.web.authentication.AnonymousAuthenticationFilter@7bfd4b5b, org.springframework.security.web.session.SessionManagementFilter@138f9e6c, org.springframework.security.web.access.ExceptionTranslationFilter@7b8d42c2, org.springframework.security.web.access.intercept.FilterSecurityInterceptor@5560a0f]
2026-04-13 15:12:58 [restartedMain] WARN  o.s.b.a.o.j.JpaBaseConfiguration$JpaWebConfiguration.openEntityManagerInViewInterceptor:219 - spring.jpa.open-in-view is enabled by default. Therefore, database queries may be performed during view rendering. Explicitly configure spring.jpa.open-in-view to disable this warning
2026-04-13 15:12:58 [restartedMain] INFO  o.s.b.a.w.s.WelcomePageHandlerMapping.<init>:53 - Adding welcome page: class path resource [static/index.html]
2026-04-13 15:12:58 [restartedMain] INFO  o.s.b.d.a.OptionalLiveReloadServer.startServer:59 - LiveReload server is running on port 35729
2026-04-13 15:12:58 [restartedMain] INFO  o.a.coyote.http11.Http11NioProtocol.log:173 - Starting ProtocolHandler ["http-nio-8080"]
2026-04-13 15:12:58 [restartedMain] INFO  o.s.b.w.e.tomcat.TomcatWebServer.start:220 - Tomcat started on port(s): 8080 (http) with context path '/api'
2026-04-13 15:12:58 [restartedMain] INFO  c.example.spring1.Spring1Application.logStarted:61 - Started Spring1Application in 1.19 seconds (JVM running for 4414.774)
2026-04-13 15:12:58 [restartedMain] INFO  o.s.b.d.a.ConditionEvaluationDeltaLoggingListener.onApplicationEvent:63 - Condition evaluation unchanged
2026-04-13 15:13:25 [http-nio-8080-exec-7] INFO  o.a.c.c.C.[.[localhost].[/api].log:173 - Initializing Spring DispatcherServlet 'dispatcherServlet'
2026-04-13 15:13:25 [http-nio-8080-exec-7] INFO  o.s.web.servlet.DispatcherServlet.initServletBean:525 - Initializing Servlet 'dispatcherServlet'
2026-04-13 15:13:25 [http-nio-8080-exec-7] INFO  o.s.web.servlet.DispatcherServlet.initServletBean:547 - Completed initialization in 0 ms
2026-04-13 15:13:25 [http-nio-8080-exec-7] INFO  o.s.api.AbstractOpenApiResource.getOpenApi:365 - Init duration for springdoc-openapi is: 430 ms
2026-04-13 15:15:10 [SpringApplicationShutdownHook] INFO  o.s.o.j.LocalContainerEntityManagerFactoryBean.destroy:651 - Closing JPA EntityManagerFactory for persistence unit 'default'
2026-04-13 15:15:10 [SpringApplicationShutdownHook] INFO  com.zaxxer.hikari.HikariDataSource.close:350 - HikariPool-18 - Shutdown initiated...
2026-04-13 15:15:10 [SpringApplicationShutdownHook] INFO  com.zaxxer.hikari.HikariDataSource.close:352 - HikariPool-18 - Shutdown completed.
2026-04-13 15:15:18 [restartedMain] INFO  c.example.spring1.Spring1Application.logStarting:55 - Starting Spring1Application using Java 1.8.0_202 on arkts开发 with PID 23640 (D:\Project\java-project\blog-demo\target\classes started by USER in D:\Project\java-project\blog-demo)
2026-04-13 15:15:18 [restartedMain] DEBUG c.example.spring1.Spring1Application.logStarting:56 - Running with Spring Boot v2.7.6, Spring v5.3.24
2026-04-13 15:15:18 [restartedMain] INFO  c.example.spring1.Spring1Application.logStartupProfileInfo:637 - The following 1 profile is active: "dev"
2026-04-13 15:15:18 [restartedMain] INFO  o.s.b.d.e.DevToolsPropertyDefaultsPostProcessor.logTo:255 - Devtools property defaults active! Set 'spring.devtools.add-properties' to 'false' to disable
2026-04-13 15:15:18 [restartedMain] INFO  o.s.b.d.e.DevToolsPropertyDefaultsPostProcessor.logTo:255 - For additional web related logging consider setting the 'logging.level.web' property to 'DEBUG'
2026-04-13 15:15:19 [restartedMain] INFO  o.s.d.r.c.RepositoryConfigurationDelegate.registerRepositoriesIn:132 - Bootstrapping Spring Data JPA repositories in DEFAULT mode.
2026-04-13 15:15:19 [restartedMain] INFO  o.s.d.r.c.RepositoryConfigurationDelegate.registerRepositoriesIn:201 - Finished Spring Data repository scanning in 33 ms. Found 5 JPA repository interfaces.
2026-04-13 15:15:19 [restartedMain] INFO  o.s.b.w.e.tomcat.TomcatWebServer.initialize:108 - Tomcat initialized with port(s): 8080 (http)
2026-04-13 15:15:19 [restartedMain] INFO  o.a.coyote.http11.Http11NioProtocol.log:173 - Initializing ProtocolHandler ["http-nio-8080"]
2026-04-13 15:15:19 [restartedMain] INFO  o.a.catalina.core.StandardService.log:173 - Starting service [Tomcat]
2026-04-13 15:15:19 [restartedMain] INFO  o.a.catalina.core.StandardEngine.log:173 - Starting Servlet engine: [Apache Tomcat/9.0.69]
2026-04-13 15:15:19 [restartedMain] INFO  o.a.c.c.C.[.[localhost].[/api].log:173 - Initializing Spring embedded WebApplicationContext
2026-04-13 15:15:19 [restartedMain] INFO  o.s.b.w.s.c.ServletWebServerApplicationContext.prepareWebApplicationContext:292 - Root WebApplicationContext: initialization completed in 1000 ms
2026-04-13 15:15:19 [restartedMain] DEBUG c.e.s.s.JwtAuthenticationFilter.init:242 - Filter 'jwtAuthenticationFilter' configured for use
2026-04-13 15:15:20 [restartedMain] INFO  com.zaxxer.hikari.HikariDataSource.getConnection:110 - HikariPool-1 - Starting...
2026-04-13 15:15:20 [restartedMain] INFO  com.zaxxer.hikari.HikariDataSource.getConnection:123 - HikariPool-1 - Start completed.
2026-04-13 15:15:20 [restartedMain] INFO  o.s.o.j.LocalContainerEntityManagerFactoryBean.buildNativeEntityManagerFactory:437 - Initialized JPA EntityManagerFactory for persistence unit 'default'
2026-04-13 15:15:20 [restartedMain] INFO  o.s.s.web.DefaultSecurityFilterChain.<init>:55 - Will secure any request with [org.springframework.security.web.session.DisableEncodeUrlFilter@403c04d0, org.springframework.security.web.context.request.async.WebAsyncManagerIntegrationFilter@18505c4, org.springframework.security.web.context.SecurityContextPersistenceFilter@a783493, org.springframework.security.web.header.HeaderWriterFilter@4d10d57a, org.springframework.web.filter.CorsFilter@494a7fd2, com.example.spring1.security.JwtAuthenticationFilter@6834da7d, org.springframework.security.web.savedrequest.RequestCacheAwareFilter@76cb84f2, org.springframework.security.web.servletapi.SecurityContextHolderAwareRequestFilter@712a21ad, org.springframework.security.web.authentication.AnonymousAuthenticationFilter@2168cfda, org.springframework.security.web.session.SessionManagementFilter@72fe06b8, org.springframework.security.web.access.ExceptionTranslationFilter@7406a6c2, org.springframework.security.web.access.intercept.FilterSecurityInterceptor@34799d97]
2026-04-13 15:15:21 [restartedMain] WARN  o.s.b.a.o.j.JpaBaseConfiguration$JpaWebConfiguration.openEntityManagerInViewInterceptor:219 - spring.jpa.open-in-view is enabled by default. Therefore, database queries may be performed during view rendering. Explicitly configure spring.jpa.open-in-view to disable this warning
2026-04-13 15:15:21 [restartedMain] INFO  o.s.b.a.w.s.WelcomePageHandlerMapping.<init>:53 - Adding welcome page: class path resource [static/index.html]
2026-04-13 15:15:21 [restartedMain] INFO  o.s.b.d.a.OptionalLiveReloadServer.startServer:59 - LiveReload server is running on port 35729
2026-04-13 15:15:21 [restartedMain] INFO  o.a.coyote.http11.Http11NioProtocol.log:173 - Starting ProtocolHandler ["http-nio-8080"]
2026-04-13 15:15:21 [restartedMain] INFO  o.s.b.w.e.tomcat.TomcatWebServer.start:220 - Tomcat started on port(s): 8080 (http) with context path '/api'
2026-04-13 15:15:21 [restartedMain] INFO  c.example.spring1.Spring1Application.logStarted:61 - Started Spring1Application in 3.028 seconds (JVM running for 3.76)
2026-04-13 15:15:24 [SpringApplicationShutdownHook] INFO  o.s.o.j.LocalContainerEntityManagerFactoryBean.destroy:651 - Closing JPA EntityManagerFactory for persistence unit 'default'
2026-04-13 15:15:24 [SpringApplicationShutdownHook] INFO  com.zaxxer.hikari.HikariDataSource.close:350 - HikariPool-1 - Shutdown initiated...
2026-04-13 15:15:24 [SpringApplicationShutdownHook] INFO  com.zaxxer.hikari.HikariDataSource.close:352 - HikariPool-1 - Shutdown completed.
